-- phpMyAdmin SQL Dump
-- version 5.2.1
-- https://www.phpmyadmin.net/
--
-- Host: 127.0.0.1
-- Generation Time: Apr 08, 2026 at 02:20 AM
-- Server version: 10.4.32-MariaDB
-- PHP Version: 8.2.12

SET SQL_MODE = "NO_AUTO_VALUE_ON_ZERO";
START TRANSACTION;
SET time_zone = "+00:00";


/*!40101 SET @OLD_CHARACTER_SET_CLIENT=@@CHARACTER_SET_CLIENT */;
/*!40101 SET @OLD_CHARACTER_SET_RESULTS=@@CHARACTER_SET_RESULTS */;
/*!40101 SET @OLD_COLLATION_CONNECTION=@@COLLATION_CONNECTION */;
/*!40101 SET NAMES utf8mb4 */;

--
-- Database: `vaxin_db`
--

-- --------------------------------------------------------

--
-- Table structure for table `animal_tbl`
--

CREATE TABLE `animal_tbl` (
  `record_id` bigint(20) UNSIGNED NOT NULL,
  `animal_id_tag` varchar(50) NOT NULL,
  `owner_name` varchar(150) NOT NULL,
  `contact_no` varchar(50) DEFAULT NULL,
  `barangay_id` int(11) DEFAULT NULL,
  `animal_name` varchar(100) DEFAULT NULL,
  `species_id` int(11) DEFAULT NULL,
  `breed` varchar(100) DEFAULT NULL,
  `sex` varchar(10) DEFAULT NULL,
  `color` varchar(100) DEFAULT NULL,
  `birth_date` date DEFAULT NULL,
  `created_at` timestamp NOT NULL DEFAULT current_timestamp(),
  `owner_gender` varchar(10) DEFAULT NULL,
  `owner_birthday` date DEFAULT NULL,
  `is_pwd` int(11) DEFAULT 0,
  `is_senior` int(11) DEFAULT 0,
  `is_stray` int(11) DEFAULT 0,
  `is_fixed` int(11) DEFAULT 0,
  `remarks` text DEFAULT NULL,
  `owner_signature` text DEFAULT NULL,
  `vaccinator_id` int(11) NOT NULL
) ENGINE=InnoDB DEFAULT CHARSET=utf8mb4 COLLATE=utf8mb4_general_ci;

--
-- Dumping data for table `animal_tbl`
--

INSERT INTO `animal_tbl` (`record_id`, `animal_id_tag`, `owner_name`, `contact_no`, `barangay_id`, `animal_name`, `species_id`, `breed`, `sex`, `color`, `birth_date`, `created_at`, `owner_gender`, `owner_birthday`, `is_pwd`, `is_senior`, `is_stray`, `is_fixed`, `remarks`, `owner_signature`, `vaccinator_id`) VALUES
(6, 'ANA-2026-3843', 'JUAN DELA CRUZ', '09318543347', 38, 'BANRAT', 7, 'ASPIN', 'M', 'BROWN', '2025-09-26', '2026-04-07 23:49:17', 'Male', '2000-09-26', 0, 0, 0, 0, 'SECRET', 'data:image/png;base64,iVBORw0KGgoAAAANSUhEUgAAAf8AAADuCAYAAAA3DA40AAAQAElEQVR4AezdT6h11X3/8b1/SDFgqQEDBmy9gQxSOqiDQpUqXmeGDrRgIY5yxUJbMlCoIckg9AmdJOhABx0EUmrooBY7MCMdpPQJFXTmMwy04CMVIlSIA6FCA/7u69zne59999nn3nPuPefes/f5iN+7/u6113qvtddnrbXPOc//+zz/hUAIhEAIhEAI7BSB/9fkvxAIgRAIgRAIgZ0icCT+O9XkNDYEQiAEQiAEdptAxH+3+z+tD4EQCIEQ2EECXfHfweanySEQAiEQAiGwewQi/rvX52lxCIRACITAjhOYF/9bQG7evNlcv3694ZYJ30qOEwIhEAIhEAIhMFICg+JP5L/yla80jz32WMMt64avXbs2WxyMtN2pdgiEQAiEQAjsLIFB8f/pT3+6EEidAvzgBz+YLQ6+8IUvNM8880wWAguJJSEEQiAEQiAEtovAoPj/8pe/XLqWn332WfPqq6/OFgJOCLIQWBpdMoZACIRACITAlRAYFP+//Mu/PKrMin+dCvQXAsIrFpPsl0jgscNXO23bzhZv+u8Sb51bhUAIhEAIXBGBQfE/ODhonnvuueauu+46d7UICeF3EtC27eyzA/zizl1oLlwrgf39/eb69euzMrle5cwC+RMCIRACITBpAoPir8Uvv/xy8zd/8ze8J+yBBx5o7r333hNxywRu3rzZEH4LAK8H2LVr147FZ5kykmd9BLD/xS9+caJA/SP+RGQCIRACIRACkyOwUPy1lBD87d/+Le+x3bhxo7njjjua73//+42FwHHCCh4LAfaDWx8atBCwKCA+KxSTrOckUOyHLtcnTgGG0hIXAiEQAiEwDQKnir8mWgD84z/+Y7O3tyc4sw8//LD5p3/6p9mrgffff7+Rvn94hDxLPMefmzdPngpYCESAzgFyyUvOWmThr0+WLC7ZQiAEQiAERkbgTPHXnoODg5nA7+3tCc6MOBAJrwek//u//3uzzoWAD6LV1wiJlfvNbpw/FyZgd68Q/fn55583/dMdrPHnyhcLgRAIgRCYFoGlxF+T9w939u+//37DFS575ZVXmmuH7+6FiUl/ISDcv0beZay+RmiR4dVAmTBzOhCBWobk7TxdXt/85jdnCfpP380Ct/7IZ9F1KxgnBEIgBEJgQgSWFv9qsx3+448/XsGZaydJjGeBW3+ICeH3SsA1dphOBvjFSbMokO/WJWc6BIkRJWZ3akHQtre/TUDIpMl3ZoE7mAEbzcYdK36mX8Txl+nXcCwacUMgBEJgOgRWFn9Nf/PNN+eOiolKfwEgb9eIC8En/BYABMeCoEwcky5v99qz/ERKHQiWelgUlAlLc1LAzipryun4aN+nn37KOTa86yTgOPLQU/kPvfk/BEIgBEJgIgTOJf7abtdIvPnLCCyhrfCyLuFhRJ9ZAFgQ1GmBMJMm37LlWhCwqpeTAtZfFEiXb9lyx5qv28bvfOc7c83Qp32+u8JmDkYiQiAEQmDCBM4t/k3TzN7/E+kuH2JBRLpxF/ETI6LPLADcr0yYSZNv2fsQQaauFiusFgQWB8LaIH1KJwW1i8fqhRdeGMTlZKafgEM/LuEQCIEQCIHxEriQ+Gs2ISHGXGFGZIgn/ybMvRjRZxYA6lAmLH5IyE6rjwUBsSd22mARYDHQtkefKbBAEKdt8sh/WnnblKau6qxO/U/3iyt79NFHy3vs9n8M6DghnhAIgRAIgVESuLD4N4fNJsReAXAPg7P/f/rTnzYlNrOIS/jj/uzg4OiriepUrw74a1EgfX9/f6UaEU+mTbUwsBho26OFgUUBk24BwVa6wYYzq5dbFB/+IcOmH68t2t6PTzgEQiAEQmCcBNYi/ppOVAgsPyMWJYbCV2nqRuwJmwUAU9c6KeAXJ10+5ppl66ytxJVps9MCZnHA+MXXicFViKnFmPZoJ/c0G2q733M47ZqkhUAIhEAIjIfAusR/1mKiQUhngVt/7JKJ4q3gVjnqy4g94SeM6s9qYcAVlsbkY65hpzXIooARewywsAiwGLAo+O3f/u3ZP3jEz6SVdRcKrlWGsthp9xxKcw2rtg7l6cYNtetf/uVfulniD4EQCIEQGDGBtYo/DoSDSPIzokP0CJjwmIxYMm0i+EzbmAUB81qBWSQwcdKZd+uuYcpQVrf9vm6HTxlGZZhZCFgolGuB0DVpTHp3sWCh0L2PMoXVh3uW/cEf/MFclo8++qhRz7mERIRACIRACIyOwHrF/1bziR3xuxWcicZf//Vfz9yKm5pL2BmR135GkHFgFgUWBxYKZcLipZcRaNcyZTHldnkRYUbkGXHvLhYsCNq2bdr26PMI0u68887mF7/4RWOhwFxTpgzllT344IPd2x375T8OxBMCIRACITBaAhsRfzSIF0HjZ36q95FHHpn0AkA7VzGiTtyxKusvGCwOLBIsGLhMHMO3FgvKYcrs1oGgC+NPvMssAMosFronCvrJNX378Y9/3NT1tWDo50k4BEIgBEJg+wlsQvyPW31wcNB0f0zGvwZIPI4zxLMSAcLO9vf3Z7+xgG8tFiwGmMVB1x5++OHmnnvumf3DTPKX7d8qQ3lMRcrlHzJH/4sWDBYQ6qJ/LQxYLTyGykpcCIRACITA1RHYqPhr1g9/+MPG7pSf/eAHP2iIBH9sMwSIOFP622+/3XzrW99qiL6TgjILBVYLhe7Jgrh//ud/dvmcPfDAA83e3t5xPIFnxF7fWhxYCDCnCW179OqBX1yZfMxigbmeKeu48HhCIARCIAQ2QmBz4t+pLrHvLwAyyXcAbchLVBVtl89dxgg7+8Y3vnFC5Ovau+++u7E4qMWCBUQtKCww3Mv1lZ+rrxlxL1M3ZgHAalFgkdC28wsGeVhdrzxlD5k0Jq3viouFQAiEwK4TuBTxB9kCgDDwM5N9TczCsfUT+OCDDxpC3OW+yl2G/qEf4lv9VmUTfWYRYDHQXRzwiy+zCGTyqxdTTr9e7sHcj1koMOOG1SKhbY8+2Ni2t11prG2PFhFte9tt29v52vYoXl6m3CGz6DjL6jr5yq/ML3/5y82XvvSlE1/prPRFrjKYZ6bvvvTSSw3Dgg3lEY8Z63NNOARCIAQQ2LT4u8exEYaa6E3sJqnjxHjWSqD4Dgn4sjcizEN5l+03fc0IfRmxYhYDxgOzQKiTBH5W6dzuYkF5Q3U6bxxOZcRyyLT3LKvr5Cu/cn1O4uOPP5590FWYVfoiVxnMa5S+++1vf7thFgVsKI/4Wli07e0FjriHHnqoefLJJxvlqkuT/0IgBHaSwKWKP8Im9prATVyEQHxsvQTefffd5q677moODg7OXfD+/v7s5KBfgK8M9uPWEd7b25vdb+/QPTg4aPb39xuuMWIR0F0o/Md//MfsQ4wVL63MGBvyi6v8XGZh0Tf3XGRVp0p3LT+3a8ouq/sKd/3yi+My5Sif7e3tzVisgyuRZxYbxsXPfvaz2Vc+nUwwfKWv414pIwRCYBwELkf8eyxMgHuHk5toCwCTEn9sfQR8Lc+n/IvzeUsmRP1r9ddVi4VvMRBLpo5d0+YKd/3iKj+XEb6+EeRFZux201wrzO2assvqvsJdv/ziuEw5ymcWMKx7IiL9xRdfbJ566qnZh2iFmYVDufzKdJ9+vw2F9aNn0KmA04ChPIkLgRCYHoErEX8TsgmOC6ljSpMQf+ziBLAk0Bc58q9aLCojQlGENu96ThhR908xv/76643FgjArP5dZCHi+auEgLB9TDuvX2pj53ve+1zz//PP9pIRDIAQmSOAyxf8EPhNQCYuJJwuAE3guFChhXnb3d9rNlKGv+nk2dfTfv0/CFyOg74i+BQBzmlAm3C3d5xNeeeWVRv5ufPwhEALTI3Bl4g+lXYpjSn471RIt4dj5CXxwwU/59+9sAdCP018Wbf34hMdBYO/wtRuR7y8A1L7+BUj+WAiEwDQJXL749zhaAJiIRHv3GEFB4vyGn0VUnaqcv6TbVy4qywLgdq74xkjAwu6OO+4YY9VT5xAIgQsQuHLxV3fvJ2sB4INHBEx8bHUChN9VdnXcdRiBqP7plpcdYpfGOP369d577x1n5VPrEAiBcxO4KvE/UWETUO0uCb/TgBMZEliaAEHGky190RIZLQD62ez89Vc/PuFxEfjqV786V+H06xySRITApAhshfgjSvBLYAiYsPjY8gRM2KwWUstfeXbORx99dDCTBcBgQiJHQ2BooVgnSKNpRCoaAiGwEoGrFf9eVX34qI4gLQAiLD1AZwRrwl7nkX/dUplDIqGfKk/ccRIYWtjl2xzj7MvUOgSWJbBV4k9c6l+Ts4P19b9lG5J8TUOIMWSb4FEnM92yLdD0VTcu/nER2FT/GRusW/5rr73WdMPjIpXahsB0CGyD+J+gSWDq638miSwATuBZGMCKbeLIv246tEOUZoLnxsZJwM/99mt+kQWkV3Zt2zY+vMv8hHDbHv2DSk8//fTsHzmqU6r+fRMOgRC4HAJbJ/6afXBw0BwcGr9JwmTCH1tMACepm2SlT/b29tzmhOWI+ASOUQUsGG/cuDFX59/5nd+ZizsrQlnE3ld2z8prUV9j9qy8SQ+BEFg/ge0R/07bCIzdP1e04+zsLpFYbCbc4rU418VT9vf35wrJJD6HZPQRDz744Ept8Hza4XOXvdACYJOL1WXrkXwhsIsEtlL8dQQh8wFAfjsKEwV/bJ4APmI3eeSvfLbo6L/qIE9sPAQWifU3vvGNMxth0ee5/NKXvjQ74j/zgoEMFq1ZAAyASVQIbJjAton/iebaZToBEElcTDT8sZMETMJiLmMSXXT0X3VQj9h4CHiu+rW18O7HVVg/ew7btm24wh9//HElD7qnleeCLABQiIXA5RLYavGHgqBZBPCbaIT5Y7cJmDyJ8u2YzfqqP7p3yXv/Lo1x+y0IWLXi7bffbr7+9a83bXtb8CttkUvw/XJn/cuCXFaL+f51xnCe7T6VhENgcwS2U/x77XX8bzIRnff/KNy2mjAXHcffzrk+39C9HB93BWN9d0tJmyRQz1X/Hn/2Z3/W1GL7kUcead56661+loVhnxcg/EOLROP1tAVAxtBCrEkIgbUSGIX4m6BMJlpucnjmmWfyXWEwDq3+Bb+Dg4PD0OX87176pH83C4B+XMLbTWB/f78Z6ssbN27MjvXtyFdpwRNPPNG88847g2VWObUAGLqvBUflixsCIbA5Atss/idabaKoHYMFwGOPPXYifRcDOJgsL+ODfn2+RKMfl6P/PpHtD3uu/uiP/ujCFT04OGjef//95o033liqLAuAoXFrsWFcL1VIMoVACJybwGjEXwtNMIzfBGEC4d9VI/zavn+4e+Nepg1N3PrkMuuQe62HwJ/8yZ+cuyDPI9HvvppbtjDPr8VHP39OkPpEEg6B9RPYfvHvtNlEYffPFb3r7/+1H4urEH/3dG/9UGbSzgKgaIzHffLJJ089pu+35ODgoPEazgf4ziP63fKGFpE5Ib4TiQAAEABJREFUQeoSij8ENkNgVOIPAcEx8fATml19/6/tbGjyxOYybH9/f+42FgBzkYnYagL1TA31Z1Vcnueee64pwT8tb12zjDtUjnG9zLXJEwIhcH4CYxH/Ey00EdlxiDRRWADw75LVkb9d2FW1e2jhkV3bVfXGxe7rmbKoJu6sjvI9ZxV++eWXL3aTgauJv3t3kywgb9682Y2KPwRCYM0ERin+GBA9Ewe/ycL7Q/5dMR+MMmmyq2oz/v37Z9K+qt5Y7331q2eMrbfk+dKMo36sZ7ofl3AIhMD6CIxL/HvttisxSYkmhrsyYZTADu28sbhM60/c+qDqd5n1yL3GS2DodyNeeeWV8TYoNQ+BERAYtfgTfkeVxdnx/y4ITx35b8Npx9ACZBf6oMZc3IsTGDpd8DsDFy85JYRACCwiMEbxP9EWCwDfABBJdCwA+Kdq2uiUo9p81e2089cH3XqoYzccfwicReDuu+8+K0vSQyAE1khg9OKPhR0wEeJ37CzMP0WrXX9fcK+yrcW+6pAP/RWJuMsSGBL/LCKXpZd8IbA6gfGKf6+tu/L+n7AS/qGj0h6SSwv239lm0r409JO5kTE9mcakISEwAgKTEX+Tx9Tf/xNVJxtD79mvcqxZiOBfdVBHda1w3BAIgRAIge0iMHbxP0GTADkBEEl8pvb+v478ia02bpP1j/7x36b6pS7bTcCz269hxlCfSMIhsD4CkxJ/WIhQiaMd6JTe//ugn0mSaes2Wf80IhP3NvXO9tfl/vvvn6tkxtAckkSEwNoITEP8OzgIo0/Cc0X7/fspTCLVhr7IauM2mEVXMVcfn03gxkJgGQLdsVP5M4aKRNwQWD+ByYk/RCaSev9PNKfwz//a9WvbNp9kWACoI8OdGwuBZQh4ZpfJlzwhEALrITAl8T9BxGTSff//+7//+yfSxxQgpN73O9HY5np3TyW8clHvba5v6rY9BLoLx6pVxk+RiBsC6ycwWfGHyoRS7/9/+ctfNtu8a1bfRUb4pWkPd1tN/Sy6qn6ZvItE3GUIdMeO/Bk/KMRCYDMEpif+HU4mk2efffY4xvt/O9LjiJF41FtbiOu2V7lbx0ze295b21U/Y3y7apTahMB0CUxa/HXbww8/3HTf/4/t638ElHWP1LVrW637gz/5wNa29lLqFQIhsOsEpir+J/rVbrTelxPSMR3/15H/WOrsNUvt4LA+0REJhMApBGrcnJIlSSEQAmsisBPijxXxJEz8Pjlfoiq8zaauY5sUq75esWQBsM2jK3ULgRDYVQLTFv9er9r9lzAR1W0XJgsWTVBv7lis+4pi2xmPheku1LM/VupZ3YW2p40hcNkEdkr8TSZjev/vnbk614nFZQ+O897Pa5a6tj+hV3zcEDiLQPfzI2fl3cV0zxZzwuYks8ymoWsVz5WXuW4XmaXNtwnsgvjfbu2hj5jW9/89BB6Sw+it+9/DqX7dXfTWVXJBhTC+5557ZqkmnJknf0LgDALG/BlZdjLZPOA5MlcxP1rWtm3zla98ZWbCPshc5lSzaxXPlZe5tm3bpm1PliONyfv888833/3udxv3ZzsJf8KN3jnx15d20nWU7iHZxoHtYa+6csdmf/qnfzqrctu2Mzd/QuAsAn3x95yedc3Y0rWxb+Yfzzt76aWXGqJLgEug+YmxuYrJv852V32UW6Yur7zySvOjH/2ocX+mPoxffeSR3/XrrE/KuhwCuyP+PZ4mlv39/VmsgbxtA9hDbgfNZpUc2R98VTmTAwqxswj0nz/jnp113brT1aNrxi+RY3bdZeaMMmJYRhxZ27bHu+q2PfK37e1dtjxlrq2yvv3tbzdE133VY93tu0h56sPUDQ91VvdqB1ccky7fRe6XazdLYGfF38RSx/8GNLHdLOrlS1cfucd45K/erBZW/LEQOIvAhx9+eCLLE088cSJ83oBniREj1hVvwsWIVtseCTR/16QTM2aOKFNWGZErcy9W9e36K26KrnayYoIXdm17tOARljbFto+1Tbsm/if6qbsAMDBNDCcyXFHABKNu21Kf82LQBtdiy42FwCICv/nNbxYlDcYTGkZ0jS/PCiMyJTpteyQ8xFw882wx17iWKWfwJmuM9Cx0zeK4b07Lnnrqqcai32tJmxNumTAT7rrlF8+Uw6p8911jU1YuCl+88dcX+kd45YJywVoJ7LT4I+kh8cDw+xldkwH/VVk9KCaAq6rDuu5r8lGWby1wYyGwiIBx30277777GnGeR6JeRjgISJkwUSHojKi4plvWqn5iyYxf80O55glWYsv17aFy33///YaJ437++edNmXDX5Ombcl5//fVGG7T34OCg4ZYJM+GuW37xTDmsynfffj0qTT6mXcph+/v7zYMPPthgsCq7s/JXn+ozfcjV3rOuS/r6Ceym+Pc41oA3MA1Gbi/LpQXrQVCnS7vphm5UX9W66GS8oeql2Csk4BljxoYxz7rV8e6bOBB3ol4mv+u6eYf8hIsRMuZ5InBlBK8EkDiyIYGsfFzCypRVbpXNdT9W/qF6XXWc+jF1ZNrCtEcbGS7vvPPObCGDCTZMvHT5Xcsu0h79qN/Nufqaq38vUmauXZ5AxP+QlYfBoD70znYbJhr+qzCnD+rDruL+67xnd3LwoK+z7JS1/QT0ucmcsDCTOzFv29vH8cLilzkd8kww44oAMWLu2SVMjEj1BUu8POpQ5lrlMGWy7Sd6NTXEhmGFG5aYsmLNL15/yCPvKrU1ViwEjAcLAf1k7KxSRvKuRmCXxf8EKYPb4BVpEBp8/JdpHgA2hSN/3DBl/HmQUZiOGaesnhXPCxGvybttjwRe2GKaydsfB8ZHWZfOc889N/sHuYg5K5HhL6HxvLpviQ3B2dvb6xYT/yUQwBx7/aA/9Is+qj4TlibfMtUxrowXY0d5y1yTPKsTiPh3mBmgVq6i7MD7E5X4TZrJUflTGvAmBW1aZmcnX2x7CJiEmXFJ2B966KHZj8rYmZWJN1Ez+TwzrjHRM88U81wxosCIeIkDf3/B67vuxo4y2PZQSU1WIaDv9L8FgH5mxoH4Zcr5h3/4h2WyJc85CET8e9AMVJOOCczE1kveaNAE6t4bvcklF17v/QnDJd86t1uBgPFOuC087bhK3Lmeg5///OfNZ599NvsQmDFqAjehM2LOTOwEnfEz6ezatWvNtUNzLVt28l+hCck6AgL63TgwXoyLxx9//NRa978CemrmJK5EIOLfw2VwGpRcE6KJr5dlI0EPhIL7OyBxYzYcq/54lj/u1RDQBxZixpuxTejb9vYRvRMveQg0gSfgxPy///u/m/fee292FO/5cL2FMpOXdft61dZ98MEHq16S/CMl8Bd/8RfN008/3djsvPXWW6e2wvg6NUMSz00g4n+E7sRfk5gJTmRNlPybNMfi7ju1wd4VBTvLTTJM2UcEbt682WBdY5fAs7Y9Enmib+KVx5gj8sY7oS8TJvDSj0rd7F917t7hsu7bvWf8myVgvHl15Cj/3XffnX24etEd77333sbnPozDRXkSfzECEf8F/Pb39xuTomS7IQOXfxNm4lP+1Hb9xaomcguciot7cQI1bog06wo8f4m8fPrAeDaZOnK1myf0wq616JTn4rVKCSFwkoDxZywak0T/ZOrJkHFofP7qV79qXn755ZOJCa2VQMS/i7Pnr0nx5uFOyuDl9rKsJWiHpiADnzs1q0VNtXNq7dt0e4w77IxH47Btb/8UrQnVLt4CVT0IPDOBEnjWF3kLW3ljIbBpAsasz40Yv/17WWya8yxAa7zyZ3z2SW0mHPE/g6uJ1CA1AZtkz8h+rmQTt3uwcxWw5Rd124Xjllf3yqqHjUnShNkXeWHjzwmRydG4ZDVpEnh+1zJ5rqwh57ixttdl3fFScXHHRcAYbNt29l5/qOYvvvhiY8wSewuAsY3XoTaNLS7iP99jJ2JMRCZVkSbml156iXdtZtJjtTteW8FbVJAHG0dVIl7cXTd9bjyZJO3e23b+fTxuBJ4Zg7WL53cdk2fXWab920PAmLbTt1AdqhWhN45feOGFoeTEXSKBiP8SsAmXCVhWPztq4uZfh3lYlGMi507VMNS2XXzvb7xY9OjjvtA79ZFufDHCbnK0K+J3DZu6yGNgfMTGSUD/GdtOqPj7rSD6xrSdfj8t4ashEPFfxL0XbwL2L26JNsiHBri0Vc0KeeoTOyb1ff91cVPmtpo2Gi+sbY929MaMvpZG5BlxNyEyedkujIWz+q0WimflS/p2EPjud787+/EnC9x+jbqin37t07nacMR/Bf7+xS0D2ARux85d4fK5rCZ7kVM+8tc+VqJmgrgoN+Vtk2mPvrTradsjsSf0dvXaXUJfO3p5mbRtakfqEgLLEqgx37Zt86Mf/WjuMvOkxa2dPv9chkRcOYGI/+ldMJdqQBvMJncLgLkMK0T4YRNlWR2vcNkosxI6bVV5CwDuWK0mvr7YaxehZyX0xkuEfqw9nXr3CdTYP+29vvHvNMsz378+4e0hEPFfsS8IWO3ULQA8DCsWMcvuOouHKmsWOfE/NRmM7b2/viLgrG1v7+xL7O1uSuzlYVPtSizW3bZ+mZ6xdd8j5V2MgD4yrk8TfT/VS/Tlu9jdcvVlEIj4L0O5l8fgtroV7V2uB4N/FSP88u/Crl87Wb33r7aL2zbTl0wd+zt7x/j6nXXFfup9iIcxb+Iv27Z+S302R6D63mZn6C6eB6L/5ptvzv7th6E8ids+AhH/c/aJB8IOxcRIKFYthpC4nq167Vjzd9uK2za0Qz30n/60kCtxI/z+MRu7GZNbV+zl3Ya6b7IOuGhn8TDxi3NPLuPfhN1///2bKDZlrkjAyZb+1/f9Sz3L9VwYJ8L9PAlvN4GI//L9M5fT+1yD3sPhAZjLsCDCxMl26cgfCsf+ePGbWLiXaZi7r74i9G17dIRP6GsxZkLTr8TeP2ZjNyP/ZdbzKu6FjXZ2uRjX4vv10YesH5/wNAh4RowDNtT/nhE7feNlGi3ezVZE/C/Q7ybAEvBFE+VQ8Xaa4nfx4cFM2zf93t+kZRLDmLi37ZHQm9AIvXSTmPf1JjLGL79FijpO2bTfONTetj1iYwxj1m+3PvNqAy+LIqz6eS4SVpeLXJ9r10PAePjd3/3dxjMyNA70v743ZtZzx5RylQQi/qvS7+X3IHgoRHtolpnITLImVNfsmtV7/2U4LctGWSYrfaEP2vZIzPixllbiZfIqk1/8LvQFRiZ3bW7bIz4WRfgMccbEuHYKglctjIbyrjvOvdddZspbTMDY8KwYDx9++OFcRothY8DYSd/M4RltRMR/DV3nofCAeIgWTaZ1G0LEXycG/LtkOGkvDnjxr2quw9xk1bZHQmbywl4a0WKEq3aqJV67NHlhUZy8u8ULoyHeuPSZubb6a+iaTcWpy6bKTrknCehjY8PzeDKlafQ90fccpU/6dMYfjvifrw/nriIuHpDaXc1luBXhIWHrF7EAABAASURBVJPPQ3craqccE4r2azQW3NOsBAwvk1TbHok9EXO98oZES35pp5U9tTSsMNF2rBhOxmS/rfpgiNuuMetz2ZWwMVHjo99mp3MR/T6V6YUj/mvqU5NpLQBMuCbiftHipO3qrr94lMD03/vjY1IiXnbybXtb6L2nx7gvWHYl8leZdY9dcPu8TOa4GWPSugzuu+++5tlnn22M0ToN2RZu/brq527d418fAYtDY8QpUJ+7u3i+5EkfoDFti/hfpH971xKgEnYPWP/h+td//dfmrrvuarxn7l26U8H6KteNGzcaAoRV2x4JvUmpxMtExOxCWIT+1YW8TNjdQbS3t9dghxmx982Fn/zkJ80Yxt7eYd27bYn/4gSMD88Z4x8q0VjxPA6lJW56BCL+a+5TD48J9ubNmw0h49Yt/v7v/7655557dvKHMHDAhv34xz+eISH+faE3ARErYi8v2zUxwGroBMR4wqs/eeNjzHXFvvhZkM5gj+SPtoykqqOoprFC8Bn/UKUx99yNbawMtSVxyxOI+C/PalHOuXhHqx4oD5tJXAYTOjNBC0/ZtFPbCbdJp22PdvWEy/G9H86p9pt0Sqjk35UJqMtIu3H68pe/3LTtEatVhd6YU86u8KvxE3eYgPFlTDHP4nCupjFePH/cRXkSP00CEf8N9StRswAgeB5ErrAd2oZueWXFah/hIVhteyReJh1tlmbBw2pHT6hqspF+ZRXf8I21jVkAFh9c2vYkI5xM0B999NFxjYwVhhsznrr8lFcMjy8aqQejkVZ9K6ttbPj8hzF1WgWNKXZanqRNl0DEf1192yvHxF3v/x955JGGAFS4l3VUQRO1tphgukJWAkaQ+mIlL+s2FB/h/of+xI3J8GAmWm1kXS4mYYsifHCTr98+LA4ODprnnnuuefHFF5sSeTsy5bH9/f3+ZZMJa381puuvuKm5xos+rXHStu3sxKdtj9yHHnqokWfVdhtbxpuxdtq1xpKxxT0tX9KmTSDiv8H+9YATwvrhDBP8Bm+3kaJNQkRLW9r2aMdKzBzfS9M+u4cSLH55z5pYfJ1IhZXN3WbTThOrumqbSZu17REPE66wSZfJO9QewmYMYOb0A6viJvzyyy83L7zwwtClk467efPmcftqXBxHTMhj7Bgr7LRx8u677859XugsDJ5JY7DLsn+N8WfMMf5+esK7RSDiv97+nivNZF+RxKP82+oSLpOUiaRtj8TNxELstYVwmTzsHJi8Zwn9UFu715w2YQ1du64492XarG+0RVtZtb9tjxgIi69J2zWL6mFiLVbFqyvy7iO9y2BRWbsQ/8EHH0y6mfq6bdvG2DHelmms8WW8GSv8i66RZjFh/C7KI9449LxmzKERQyDij8IGrR5K37P28Fd4g7dcumgTkfqYZPymd9u2s9/1Vk9pJgw70r5wrWMCIZBMZU1g3HWZundNG5mJVFsJedseibqJU1i8dsvHlqmT+pvYi5NFUZ+Ve66D17rYbGM59dXPbazbRepkDDrCt3A+TznGoDFpfDLlVTn8Tz755Ox55a/4vmvsEX3jsJ+W8G4TiPhvov87ZXrwicTf/d3fzb7i52E+7WHtXLoRr3ubCIgeI3o///nPZ19BJGJdAZPv4OBgI/VQ6P7+PqfpvvdXvzKTHyFm6lJmIlRvrjaU27ZH70zFdU1ehr2ylDu78Rl/9Js64lJWfPoij5O8ZxSZ5DMIYH5Glq1PNn6NN2PQEX6/wsZJd1FNnNlpnwkyZi0k/vzP/3z2SkDZP/vZz/pFH4dxNFYZ/3FCPCFwi0DE/xaITTgmAeahJg5cYRMDdxP37JbpHoxoEsi2PdrtEkH5CJrJwQ/AvPfee418JiZp5zH3KjNZMWLLlF2m/eytt96a3ea11147/sCTSa1MneVj6lxW5XLdr9xZYUv8MRkyfaK9ODAsmIm4xF246s2Vf4lbJMsKBLrH/vplhUu3Lquxavwa8/3K3X333Y2xZUwZe9K1t8w1xqGwtL75NogfCpOvn9YNK9t9Mla7VOLvE4j494msL9x4SD3IREOxXA83sZImbl1WIugeRNMEVEY0pbt3d8chr/pJY+pVpn7Su2ZiU3ZZlf+FL3xhJt4V5lYe1zB1KFM2M5lp/2effcZZm2mTie+pp55qvvOd78x+0la7TYgl6vziTMTVRtcw16+tMiloJQJjZW8MtW07e+b7DTamjLNf//rXzVntU45xeXBwcGbe/n28WnQf1/fTEg6BPoGIf5/ImsLElNjZ7XeLrIdaGgHspi3rVzaRfv755xtHgW17tKMnuMqV9sknnzQ+Of3AAw80dU/H69Lb9uh4vG2PriPWzPVlfcF23auvvtpcv3792NSDrVu8myX+29vba/b392c/YVuLGhNfiTv/66+/3vzwhz9stJ/t7e01+W+7CYytjzwTnh3PR5+s8WkcMv5++qKwvAT8W9/61qIsc/Ff/epXGyd4rp1LTEQIDBCI+A9AWUeUSUE5BwcHnGMzuZkMuAT27bffbgjo9Vui6rpr1641126ZPF//+tcbE8wXv/jF4x02kX7llVeaoXeKbkb8if2NGzcaZVb57iV92w2f/f395uDg4FjgcbNj7wp8cZJv/zD/trcr9ZsnYIyKdSzOHYt5Bj2f/WfKWDRW2UXGpK99fu1rXzsVx97eXuM+//mf/3lqviSGQJ9AxL9PZIWwh54RVgJbRpDsBO69997Z13tMEmVEnLnOrfwAkHClm0xcW6ZM78blJ+iuGZuZoMpMhiZHZsf+e7/3e7Pm/OEf/uFsEiPsjMib1OyA8GSuVc7sgvyZDIE777xz1pZyZ4Et/uMzKp5Zz323msZ0jVljtZt2Xv+bb745W/wa98rkMn7Pj+eE/7zl57rdJRDxP2ffE2MTACPcRLuMcCvWO23iff369cZEwVwnbQxmkinbP9xVm9zKTDyMOPtVOpNemQmJgJcJl8njGkbQMcPCqYZ78Md2i0CdXp21y71qKp5d4/Xpp59u+Ks+npEa1+sew8r2nHh+3IPL+MVXHeKGwKoEIv6rEruVvwT+VnBrHZNHmYmJeBPtMiLMTCbMxMIIN7dMmnxlJh6mPMeTyi5zv2WBuEbesS2M1Dl2cQJ9Eb14iesvQR0t8pnFfPcOxq9nhNuNjz8Etp1AxP+cPWRCWPnSC1xAUJlJhhHdEnAuUSbQzGREvBl/mTT5iHaZcpgymXuwC1R1pUvrni6yAODGdpPAtv3Yj/FI8Fn/eb/jjjtm/w6DZ2o3eyutHjuBiP85e5DgrnLpPffc0/gMwAMPPNAQPILLlPPEE080v/Vbv9Xcdddds/feJhRGtAk442fi2ZCIK5ft7e01Y/pPndXXBxS5sd0h0BfVbWg50fcqj/Xr59nyzP7f//3fTv47DNvQP6nDeghE/M/JkWARY++7n3322YYYM8X5ep80RrjZ//zP/zS/+tWvmvfee28m8PIyO/A33nij+d73vtd8+umnjV8EVDYz0Shv6uYridrYP1IVF5s2ga64XvV4VxeCzywA+uSJvmfaM9tPSzgExkYg4n+BHjNZed/9k5/8pLGLN3kozuSwt7fX7B2a8DLmevkJoOuXuWYqeSx0qi3FsMJxQ2DTBIw5z5zj/SHRNz6dtsmz6bqk/BC4LAIR/zWStmsn4OzMYnsZXGOCEa2coUlI2hRN25m2WfxwY7tHoMbAZbacoBP9oQ/wqo/dvufSAuAy65V7hcCmCUT810TY7oE58j9vkSYbrwKU4ytF3POWNbbranLNe/+x9dzF6ntVY9ziepHoaxHRzxE/ErGpEoj4r6ln7ViJt53ECkXOZXX8z0yKQ7uRuQsmElGLJpOytk+kWWnGlhEwtiysvdfn71fPIjSi36eS8BQJRPzX0KsmEUJdAnbRIu06lGFBcdHFhHLGYCZdiyd1xZMbmz6BDz744FIaaUx5luz2PVf9mxp7jvcZfz894RCYGoGI/xp6tCYTk8u5iutdZPIxCYnetff/1WZuLATWQcBzSfQt0PvledYstu32LUD76QmHwFQJRPzX0LMEet0Th/JMSnYsjim5a6jqVhdRJye70Nat7ogJVc4/ijUk+pro+SL6FgfCsRDYJQIR/wv2NqFiJVwXKG7uUu/+LQKUbwEwl2FiEdqqSXnvj8JumLG9qZZ6ZvyjWP3yjbOIfp9KwrtGIOJ/wR535O/okFBfsKi5y5Xr0/8SCOLUdygmZW3W3k2KgvJj0ybgA32ezW4r77777tkPbHmlVuOsmx5/COwSgYj/BXqbQDlSXOuuv1cfk1QtANzLIqCXZVJB7dUgr1K4sWkT8Ayts4XKI/z958TC8te//nXDXef9UlYIjJVAxP8CPWdnQaw2vSN3qsBU1VGmCY5/ioandk25jdoXWz8BY2aR8Nvtr/+OKTEExksg4n+BvrMT39Cuf65WPpxEGE1wFgBzGSYSUTzt3LR1Is1KMxYQ+PDDD49T/Et5x4EVPcaLT/T3x4xFc4R/RZjJvhMEIv7n7Ga7fpeaXLibNsJfk5iJbqoLAMey2oqndnJj0yXwm9/85rhxDz/88LF/FY9nwY6/f43XZawfn3AIhEDTRPzPOQrs+okUO2cRZ1/Wy+FeTgBEE8ZagAhPybRTe/JTvyhM14zhat15FtF2+UR/6Dkg+ucps+oTNwSmTiDif44eNumwEuJzFHHuS3y+wO7Y/S1AuOcubEsvLPGfYtu2FPmVVKsr/vfff/9KdfAcOObvlqEAY8cJWYQfjVgILCYQ8V/MZmGKnYZJ5pImmLl62NW4P3G085nLMPKIvPcfeQcuWf3znOx49oi+hW//Np4Jz4bFcT8t4RAIgZMEIv4neZwZIrgmnhKoMy/YQAaTnN2NotXHO0/+qZjJWxu1R/u4sekR6PZt9fdQK+3ujfG2bRtu97rKbyHuh3uMnYqLGwIhsJhAxH8xm8EUOw8TlWPHwQybiuyVqw712kGdrro+veqtLTg00a+t8BR0ZQT0K6sKDIk20XeyxYzxytt1PQcWwnb83fj4QyAETicQ8T+dz1zqVe/6uxWy26lJ04/imCy76WP2d9s15nak7qsTMI4JPuMfKoHoE/zs9ofoJC4EziYQ8T+b0XGO2l2Xe5xweZ4Td6oJkGsXtehI9MRFIwk8+uijs5oumvxnifkzGQI1dj1bp4m+Ba+dPtHnnwyANCQELplAxH8F4HbXddS+wmUbzUr4TYZuUgsA/rGbdlUbtKv8cadBQP+yao1FHtF3slZxXZfQE3y7/ToV6qbHHwIhsBqBiP+SvExORMgktOQlm8vWK9kkWosS9bSL6mUZXdAEr10qrk3c2LQIWLRWH2uZ54vbNc9biX43bzdP/CEQAqsTiPgvyYygdgVpycsuLZvj0loA+HCU8KXdfEM3qsn+PF8J21CVUuwaCejfJ554YrBEz5rFgZ2+fIOZEhkCIXBuAhH/JdDZkTAT0RLZLyvL3H3skmqi9IqSrjIxAAAM2klEQVRi7Dvmeu+P/VxjEzEJAvfdd99cOyxiCb8FwFxiIkIgBNZCIOK/BEbvIYkqWyL7lWVRP5OmChBMpxVc4TFaTf4WMWNuxxjZX1adX3jhheN/Zld/O+KfwqnVZfHLfULgvAQi/meQIzqO0a/yR31OrWIv0QKgTijU3YeoellGEyQG2qPCFgDc2PQIWLASfW719/RamRaFwHYRiPif0R+E34Q0pt2I439Hp5pmAeAEgD8WAttKwDO2rXVLvUJgigQi/qf0KuF05D+CXf9cKywA7JwlWMCMafGizmXVhnzor4jEDYEQCIGLE4j4n8KQaNqRjFE41dvxP1cTx/oBwPrQn76wGNOWWAiEQAiEwMUIRPwX8CM0o9v199pC+L1HFa09jv+5wmOx2vmPpb6pZwiEQAiMgUDEf0Ev2WkSzzHu+rtN0gYnAOII/9g+AKj+TP3zoT8UYiEQAiFwcQIR/wUMR7zrn2uR9/9j/gBg7f7z3n+uaxMRAiEQAuciEPEfwGbXL3rsu35tKLMAKBHVvjG1rd77Z+dfvRk3BEIgBC5GIOI/wM+uv3bKA8njiOrV0tG543+upDF9ALDq7LUFU/9YCIRACITA+QlE/Hvs7C4/+eSTxk65lzT64N7eXjPGDwA6sVB3HaB/uLEQCIEQCIHzE4j499j5RPxzzz3XlNj0kscWnKuvdjkBkGAXPZYPAFoAVJ25sRAIgRAIgfMTiPh32L366qsNQZzirr/TzEb7mDjtteDh32ar9/750N8291LqFgIhMBYCEf9OT9W7/r3D4/FO9Pi9Ay3wmYZq5/Xr1xsLn4FsWxPVrevNmze3pl6pSAiEQAiMkUDE/1avET+icu3atVsx03aIqff/XO228LEI2NZWO/ZXV/Xb5nqqXywEQiAEtp1AxP9WDxE/u+FbwSk6c20ipt33/9t+/K++c41IRAiEQAiEwMoEIv6HyOwk7X4PDg4OQ7v1//7+flOLHgy2eQFQ/8CSrynuVi+ltSEQAiGwXgIR/0OeBI8A7sTO8rC9/f+96qiFj9cfwv082xCu/qnF2jbUKXUIgRAIgTES2Hnxt9tlJX5j7MR11Lm7+PEKxCJgHeWuswynFLUA0GfrLDtlhUAIhMAuEdh58Sd0BIXtUMfPNVX7fQCwEnAp/za5X/va12bVefnll2du/oRACIRACKxOYKfF/+bNm40drl3v6uimd4UFQPcDgNv4A0B//Md/PAP/xS9+cebmTwiEQAiEwOoEdlr8CT/BOzg4WJ3cFK4YaAMWtRjybn3b3v/v7+/Pam3hNvPkTwiEQAiEwMoEdlr8HW3XJ8hXJjfhCwh+iSxGFknb1lwLk22rU+oTAiEQAmMhsLPiT+Ds+rlj6awN1XOw2Dr+l2gBsC077VqUqNe21EldYiEQAiEwJgI7K/6+K55d/+KhamFUHwAkstv0/l/d1Fy9uLEQCIEQCIHVCOyk+BMN5v32argmnHugaXbZ9f4fr0ceeWQg1+VHRfwvn3nuGAIhMC0COyn+3mETEDat7lx/ayyQmJLffvvtZhtek1S/5V/40yuxEAiBEFidwE6Kv3fYOfIfHCxzkYT22WefPY73usTi6TjiCjyPPvro7K5OI2ae/AmBEAiBEFiJwM6Jv50rQeOuRGqHMz/88MNNfQCQ4Fo8XeWn7fWf7lAH9eGPhUAIhEAILE9g58TfzjW7/jMGyECyo3+fAZBEcP17CFzhy7aqx2XfN/cLgRAIgakQ2CnxJ1aMkE2lAy+zHbX7d08cLQD4r8K6u/+ruH/uGQIhEAJjJrBT4u9dtV1jCceYO+4S6j53C9zq0/8SHbtf1QJAXdQhH/pDIRYCIRACqxHYGfG3U/Wuuiteq6FKbgScmlhA8TMLqqv4/ESJv35Vj1gIhEAIhMDyBHZG/IkUwegK1/KYdjhnr+kYdo//JfscBb78l2X5xP9lkc59QiAEpkhgZ8Tfrj8f9FvPELYA6J6g2H3j6zXAeu5wdinqIJd7M/5YCIRACITAcgR2QvztSonFVRxPL9cNW59rroKO/zGtBALs/T+34i7LvYp7Xlbbcp8QCIEQ2ASBnRB/u9Ls+tc7fAh//fZ/lUyE/RsA3IrblOv+VfZl3K/uFTcEQiAEpkBg8uJPGD777LPGTnUKHXalbejdfG9vr+ke/0vG2wKAf5Pm3lV+PvFfJOKGQAiEwHIEJi/+dv133nln0xWL5dAk1zIELKr6bC0AvAJY5vqL5Onf9yJl5doQCIEQ2CUCkxZ/IuR9/y516CW09cQtCHD/+F8G3C9jAeBe+pkbC4EQCIEQWI7ApMWfAMFAoLixzRDAt3/87074X8aHLP/rv/7L7WIhEAIhEAJLEpis+NsNOvLHob4Tzh9bE4FeMY7/h35DQR9sagHwySefzGrx8ccfz9z8CYEQCIEQWI7AZMX/1VdfPSZgZ3ociGcjBDDu//hP3WhTCwCf5XAPH+i02OOPhUAIhEAInE1gkuJPCAhONd+utPxx10rgRGGXvQB4/PHHT9w/gRAIgRAIgeUITFL8s+tfrvM3kctCa+j9v3v5GeBNvQKw4HOPWAiEQAiEwNkEJin+RKaabjda/rgbItAr1gJg6P0/gdY361oAdD/LoexeNRIMgRAIgRBYQGBy4k8EWLW3KxAVF3ezBCy4vP/n9u+kb9a1AOiWr9z+vRIOgRAIgRAYJjA58e8e+Wvy0A5UfGztBE4USJiHvv8vE6H2mYx1nQAo84MPPuDEQiAEQiAEliAwOfEnKtVuAhTxLxqX7+LvBGDRnfXVRRYAyq+yr1+/Xt64IRACIRACZxCYlPjbUXbb2xWHbnz8GyTQK9r7/00tAPQvc0t9z/hjIRACIRACpxOYlPj3j/zzvv/0zr+sVAuARd8AUIeLngAoIxYCIRACIbA8gUmJf/9fd8uR//IDYc0554q7du3a3L8A2M103gVA7fyVlaN/FGIhEAIhcDaBSYl/f/KP+J89AC4zxyYWAF3x7y/+LrNtuVcIhEAIjInAZMS//763Kwpj6pBJ1XWgMet+BXD//fcf36U/Bo4T4gmBEAiBEDhBYDLi/8Ybb5xoWN73n8CxNQGLsnUuAJRXjXPykwVA0YgbAiEQAosJTEb8P/rooxOtrH/x7URkAldBYO6eBHtdC4D6x33qJh9++GF544ZACIRACCwgMBnx/6u/+quGqGgnQXjjjTd4Y1tKQF9ZALBFVVzmQ4APPvjgicu///3vnwgnEAIhEAIhME9gMuJPTN5///2G/e///u98SxNztQQG7q7PfAXwtAXAWT8FrIzu9Tn6HwCdqBAIgRDoEZiM+Fe7iEH5424/Af112gLAO/yzFgDf/OY3j099tNiJATcWAiEQAiEwTGBy4j/czMRuCYHBatQCYNFXM2sB0P8RpyrMdazC8rmmwnFDIARCIAROEoj4n+SR0BURsADwM8BdEe9WhZjb0TvW78aXv//tjkX5Kn/cEAiBENhlAhH/Xe79q2r7gvvWAoA7lMUC4Jlnnmm4/fShuH6ehEMgBEIgBI4IRPyPOOTvlhAg/P4pYO5QlYj8I4880rz22msnkvPrfidwJBACIRACpxKI+J+KJ4kbJLCwaMJ/2gLAd/mffvrp5rHHHmvqeP/GjRsnystXPU/gSCAEQiAEThCI+J/AkcC2EDhrAaCehN8CoG3bpv+jTv/2b/8mSywEQiAEQmCAQMR/AEqiLpHAKbeqBcApWRYmffrppwvTkhACIRACu04g4r/rI2DL228B4IebuKtU1W8HrJI/eUMgBEJglwhE/Hept7e3rafWjPD7DED/p3yHLpKX8F+7dm0oOXEhEAIhEAKHBCL+hxDy//YTIOrvvPPO7Oeb/R5A9yd91V460XdKEOFHJBYCIRACiwlE/BezScplE1jifkSe8FsAEHonAow/or8EwGQJgRAIgUMCEf9DCPl/nAQsBPb395v9QxtnC1LrEAiBELgaAhH/q+Geuy4mkJQQCIEQCIENE4j4bxhwig+BEAiBEAiBbSMQ8d+2Hkl9jgjkbwiEQAiEwMYIRPw3hjYFh0AIhEAIhMB2Eoj4b2e/pFZHBPI3BEIgBEJgAwQi/huAmiJDIARCIARCYJsJRPy3uXdStyMC+RsCIRACIbBWAhH/teJMYSEQAiEQAiGw/QQi/tvfR6nhEYH8DYEQCIEQWBOBiP+aQKaYEAiBEAiBEBgLgYj/WHoq9TwikL8hEAIhEAIXJhDxvzDCFBACIRACIRAC4yIQ8R9Xf6W2RwTyNwRCIARC4AIEIv4XgJdLQyAEQiAEQmCMBCL+Y+y11PmIQP6GQAiEQAici0DE/1zYclEIhEAIhEAIjJdAxH+8fZeaHxHI3xAIgRAIgRUJRPxXBJbsIRACIRACITB2Av8fAAD//wOv3VgAAAAGSURBVAMAvOzoG138A4AAAAAASUVORK5CYII=', 0),
(7, 'ANA-2026-1086', 'Juan5', '09983795837', 38, 'Secret', 7, 'Hog', 'M', 'Brwon6', '2020-05-05', '2026-04-08 00:07:12', 'Male', '2009-02-03', 0, 0, 0, 0, '', 'data:image/png;base64,iVBORw0KGgoAAAANSUhEUgAAAf8AAADuCAYAAAA3DA40AAAQAElEQVR4AeydT6hcVx3H75UsqlRIsYsUUvoCLuIiEMFFxAQnIGjrogULxoVkSlcikixaUleZ7AwttF0UFAq+rCJIQReiXXVCA+1CSHSjC6EvNNBAg41YtGChvs99OdPz7tw7/2fuv0/ImXv+n9/vcx7zPefMnTtf+Mx/EpCABCQgAQl0isAXEv9JQAISkIAEJNApAnvi3ymXdVYCEpCABCTQbQKKf7fnX+8lIAEJSKCDBGLx76D7uiwBCUhAAhLoHgHFv3tzrscSkIAEJNBxAuPi33Egui8BCUhAAhJoOwHFv+0zrH8SkIAEJCCBHIEy8c9VMykBCUhAAhKQQFsIKP5tmUn9kIAEJCABCcxIYLL4z9iJ1SQgAQlIQAISaA4Bxb85c6WlEpCABCQggZUQmEX8VzKQnUhAAhKQgAQkUA8Cin895kErJCABCUhAAhsjMLv4b8wkB5KABCQgAQlIYJ0EFP910rVvCUhAAhKQQA0JzCv+NXRBkyQgAQlIQAISmIeA4j8PLetKQAISkIAEWkBgMfFvgeO6IAEJSEACEugqAcW/qzOv3xKQgAQk0FkCy4h/Z6HpuAQkIAEJSKDJBBT/Js+etktAAhKQgAQWILC8+C8wqE0kIAEJSEACEqiOgOJfHXtHloAEJCABCVRCYFXiX4nxDioBCUhAAhKQwPwEFP/5mdlCAhKQgAQk0GgCqxX/RqPQeAlIQAISkEA3CCj+3ZhnvZSABCQgAQmMCKxD/EedG5GABCQgAQlIoH4EFP/6zYkWSUACEpCABNZKYH3iv1az7VwCEpCABCQggUUJKP6LkrOdBCQgAQlIoKEE1i3+DcWi2RKQgAQkIIH2ElD82zu3eiYBCUhAAhIoJLAZ8S8c2kwJSEACEpCABKogoPhXQd0xJSABCUhAAhUS2KT4V+imQ0tAAhKQgAQkEAgo/oGEVwlIQAISkEBHCGxe/DsCVjclIAEJSEACdSWg+Nd1ZrRLAhKQgAQksCYCVYn/mtyxWwlIQAISkIAEphFQ/KcRslwCEpCABCTQMgLVin/LYOqOBCQgAQlIoAkEFP8mzJI2SkACEpCABFZIoA7iv0J37EoCEpCABCQggWkEFP9phCyXgAQkIAEJtIxAfcS/ZWB1RwISkIAEJFBXAop/XWdGuyQgAQlIQAJrIlA38V+Tm3YrAQlIQAISkEAgoPgHEl4lIAEJSEACHSFQT/HvCHzdlIAEJCABCVRBQPGvgrpjSkACEpCABCokUGfxrxCLQ0tAAhKQgATaS0Dxb+/c6pkEJCABCUigkED9xb/QbDMlUF8Cp0+fTtI0TR599NFke3u7voZqmQQk0FkCin9np17H10Hg8ccfT4bDYdb17du3k2eeeSY5cuRIdt3Z2cnyfZGABCRQNYGmiH/VnBxfAjMRePfdd8fqIfqcAJzePREYKzRDAhKQQAUEFP8KoDtkOwkg8vfu3St1jnJOAkorWCABCUhgQwSaJf4bguIwEliEwKVLl6Y2297eTgaDwdR6VpCABCSwTgKK/zrp2ndnCLCrR9hjh99+++2k1+vFWVn8tddeS65fv57FfZGABCRQBYEmin8VnBxTAhMJIP5xhYsXLyYnT55MuMb5xO/evZv87Gc/S/JtKDNIQAIS2AQBxX8TlB2j9QS2trYKfWTnf+LEibGymzdvKv5jVMyQgAQ2RaC54r8pQo4jgRkI5Hfx8WLghz/8YWEP+TaFlcyUgAQksAYCiv8aoNpl9wjEYp/3/vz588nhw4fz2cm1a9fG8syQgAQksAkCTRf/TTByDAnMTSC/GDhw4MBYH+78x5CYIQEJbIiA4r8h0A7TbgL5h/v8+c9/3ucwn/3vy9hNDIfDxAXALgj/S0ACGyfQDvHfODYHlMB+AocOHdqX8fTTT+9Lf/vb396XNiEBCUigSgKKf5X0Hbs1BOIdPEf+hNi5fDqUleWHcq8SkIAE1kGgTeK/Dj72KYGZCEwTcY748x1Na5Ovb1oCEpDAqggo/qsiaT8SuE+g6PP9+GTgfrVE8Q8kvEpAApsm0D7x3zRBx5NAjsBjjz2Wy0mSN998cyzP+wDGkJghAQlsiIDivyHQDtNdAuz679y5MwZgMBiM5ZkhAQlIYBME2ir+m2DnGBIYEZj3CL/ooT+jzoxIQAISWDMBxX/NgO2+GwRi8b9169Y+p/O/9kfhd77zHS4GCUhAApUQaLf4V4LUQbtKICwAOOafxqDovoBpbSyXgAQksCoCiv+qSNqPBO4T+Mc//nE/tncpeoZ/0TcC9mr7KgEJSGD9BLog/uun6AgS2CVw8ODB3dckuXv3bnYNL0Xf8Vf8Ax2vEpBAFQQU/yqoO2YrCXz1q1/N/Prkk09Gz+wv+gggfDyQVfZFAhKQQAUEuiP+FcB1yG4RePDBB8ccVvzHkJghAQnUgIDiX4NJ0IR2EIgf2hOO+sM19jCuF+cbl4AEJLApAl0T/01xdZwOEig6zvdmvw7+IeiyBBpAQPFvwCRpYjMIxOJ/5cqVzOj8zp863uyXofFFAhKokEA3xb9C4A7dXgIIe+ydn/fHNIxLQAJ1IqD412k2tKXxBMICAOHP7/pxzs/7oWCQgASqJtBl8a+aveO3mADif/PmzTEP/TGfMSRmSEACFRBQ/CuA7pDtJRB2/nj4xhtvcBmFfr8/ihuRgAQkUCUBxb9K+o7dOgKx+N++fXuffx7578NhQgISqJCA4l8hfIduH4EygWdR4M6/ffOtRxJoKgHFf2/mfJXAygnET/y7ePHiyvu3QwlIQAKLElD8FyVnOwkUEGCHH7K/8Y1vJG+99Vby3nvvJe76AxWvEpBAHQgo/vEsGJfACgnwVb9er5dsbW2tsFe7koAEJLA8AcV/eYb2IIERgbzY85W/UaERCUhAAjUhoPiPT4Q5EpCABCQggVYTUPxbPb06VwWB+Jifo/8qbHBMCUhAApMIKP5ldMyXwIIEYvH32H9BiDaTgATWSkDxXyteO+8igfi7/rdu3eoiAn2WgARqTkDxnzxBlkpgbgLu/OdGZgMJSGDDBBT/DQN3uPYT4I7/4CWf+Xv0H2h4lYAE6kJA8Z9lJqwjgTkJxLv/OZtaXQISkMDaCSj+a0fsAF0kEIs/u/8uMtBnCUigvgQU/9nnxpoSmJlALP4e+8+MzYoSkMCGCCj+GwLtMN0i4B3/3ZpvvZVA0wgo/vPOmPUlMAOBeOfvsf8MwKwiAQlslIDiv1HcDtYVAvEd/xz7E7riu35KQAL1J6D4LzZHtpLAVALx7l/xn4rLChKQwAYJKP4bhO1Q3SIwr/izQBgMBkmapsmRI0cS4i+99FLywgsvJH500K2/Hb2VwLoJKP7LELatBCYQOHv27Kj02rVro3gcCYKP2BMuXbqUFZNP/Pnnn08uX76cnD59OlsMZIW+SEACEliSgOK/JECbS2AWAoh5XI80O/sg+KTj8qL4r371q6Js8yQgAQnMTUDxnxvZWAMzJFBIoNfrjfI5tr9+/XrClV18EP1RhRkid+7cSWZZJMzQlVUkIIGOE1D8O/4HoPvrI8Bn/gcOHBgNcOrUqez4ngXAKHOOSK/XS+hzjiZWlYAEJFBIQPEvxLJApk0kUEDg008/LcgtzkLYCUWl5L/11ltFReZJQAISmJuA4j83MhtIYDoBdvcc70+riahfvHgxee+995Jf//rXpcf6lE3ry3IJSEACsxJQ/GclNVs9a3WcwM7OTna0j/CzACjDwRF+EP3BYJCJPm2K6rPjp35RmXkSkIAEFiGg+C9CzTYSKCCAiHMj3yTRf/jhh5OrV68mCDr16SYsGIjnAwsEhT9PxbQEJLAsAcV/WYJF7c3rFIEg3nwvf5Lj/NjPhx9+mJw5c2ZftWeeeWZfOiQQ/bBACHltucIM3/CdQHzSoqktfuuHBOpCQPGvy0xoRyMJIGKI1yzCxalA3smyttwLwOlAvn6T0rAhwIbA0wrPnz+fPb0QFiyWtre3k+3dQPz06dPZ0w3TNE0effTRhLZN8ldbJdAkAor/+mbLnltKAFFip/rNb34zE7LhcFjoab/fT06cODEqo90osRuhHcK3Gx3735Qb/PAJHwaDQTLYDQg4wp6me48oJk4egacVvvrqqzOJ+u3btxMWBGNgzJCABFZCQPFfCUY76QIBxBoRQ9AQpnfffbfQ7bBrR8CPHj06qkP7kCBOXyEdX9nx93q9OKsWcYSeEEQ+TfcEntMLeBDwizqzGAwnFkiEovphUVFUZp4EJLAcAcV/OX7TW1uj8QQQM4SagLhNcgjR5mt7XKnH5/xcQ6AvAn2FvPhapxv8sBN/g9iz6CEEkY/tniV+/PjxZGtrK8HHzz77bPT1RhZJMDt37txYN1euXEmwYazADAlIYCkCiv9S+GzcdgIID4LHdZqv7GDZtU+qRz/slIvq9Hq9BKFNKvi3s7OTHcfzuTx+4DOBRcosYo+oE/ABcUfQCfBA6Ak3btxIEPkiH2n7yiuvZM86iN3f2bWrjFdcz7gEJDAfAcV/Pl6L1rZdAwkMh8PsO/vTTD948GD29T3ELl8XUYvzfv7znyf0G+cRpx5CSXwTAVEd3P+MPk33ju8Rez6XZ7dN+SQ7sBeRJ2A3ok4gTr8sIAi9Xm9SN2NltKHPuABbXADERIxLYHkCiv/yDO2hhQQQMHa9k1xDABG7jz76aOzre6Ed4ke9kObHeUI8vhYtHOLyVcQRUfxC5Amz7OjDuPiBKOMvu3iEnr4IlIV6q7iyAMj3WbRgWsVY9iGBrhJQ/Dc5845VewIIJKKPME4yFiFEAPMiNalNWRmCuop+yvrHJ0Q6CD7psrrkP/DAAwn24CO2IfZc6YN86qwzsFg6e/bsviGwmbAv04QEJLAwAcV/YXQ2bCMBBHLaLpNdOkI4q/+HDx8urYrArktQEUvsxKeyxQxCiw34xGIGof/vf/+bbFLsS+FYIAEJrI2A4r82tKUdW1BTAk899dRUyxDJfr8/tV6owNfVrl+/HpL7rvSDOO/LXFGCBUyZ6AexR+gRfGzAFhYCKxp+6W5YuCzdiR1IQAKlBBT/UjQWdIkAYvP73/9+osvshhHJiZWiQoS/7Ea1Xq83dmd71HThKH7wsQUh3wmiH4t9vrxO6Vu3bo2ZU6fFyZhxZkigYQQU/6omzHFrRaBMpDES0UE0EWzSswT6I5TVRYjLyhbJD6LPbp9df9wH9rNwYYdPPC6ra7zsxsi62qtdEmgaAcW/aTOmvWshkBfMMMjx48ez76ZvbW2FrKlXRJ9d/6SKZeNNalNWxnhlos/HFPMuXMrG2WT+Kvls0m7HkkBTCCj+1c6Uo9eAwCShfvnll+eykOP2Sf2FzvgufYgveuVHctI0TfLjHThwIOFpeYh+v99ftPvK2nGK8cknn1Q2vgNLoAsEFP8uzLI+TiRQtqvn4T1lZfkOESyEv2zHyjF/3Bf1Cfl+4jTlBPrkyB6xf+KJJ5KHHnooDDi9WgAAEABJREFU+/U7fiQnrh/in376afKXv/wlJBt3zS9mcKCJixjsNkigrgQU/zrMjDZUSiAW5diQe/fuZb/ah6gjwnFZHKeMOoh0nB/i4fP2/HfXt7e3Q5Xs0boIPIG+0jTNxuY4nzRf1UPs//jHPybYNWpYEinzqaR6rbLxNW9Q/jcS8uWmJSCB+Qgo/vPxsnYLCSCUvV6v1LPhcJgJMdd8JfIQaBYA+TL6RfhD3+Ea6l27di2Lsgigj0uXLmU/Y0ufWcESL/mFxhJdbbRpke9wdOe/0WlwsA4QUPzrM8laUiGBWXaW3FhHQKwRe4SKXXmR2QgWn7nHgk+c/FCf9l/60pcS+gx5y1xPnDgx+sU8xlqmr6raFt0L0dSFTFUMHVcCsxBQ/GehZJ3WE5hlZ4ngI/yI9Y9//OPSH/1BeBH+GFpoy30EcT5P04vT88ZZTHA/AQ/seeedd5LBYDBvF7WpHxjlDYJnPs+0BCSwHAHFfzl+q29tj5UQQEQ5op/0KN7YsLKn9iHE9ENdxAwxfuSRR7KPDVg03Lx5k6KlwrFjx5IXX3wxQfBZZDDGUh3WpDELq7wpzIvin6diWgLLE1D8l2doDy0hgMi8//772ff6EXCEZx7XaMMJAmKM0IfP8eMH1sy6uCgaF3sY469//Wvy3HPPFVVpbB4LJe55yDvgkX+eiGkJrIaA4r8ajqvuxf4qJIDIIkZ8ZW4WM6h/4cKFhM+rg+DHu1gE/9lnn81+LIfFxYMPPjhLt/vqMAYP7GGBsq+gJQkWS3lX8JmFVD7ftAQksDwBxX95hvbQEgIIPjv3NE2zm/Bu37491bNDhw5lX9O7fPlyEgs+Is1HABzNI/ivv/56Qh4dfu973+MyV8A2bi5M072vABInb65OaloZX7j5MW8ei518nmkJSGA1BBT/1XBcTy/2uhECiCg7THbt7N7nGTQc6bNLRewJCD7H8/RZ1Nf3v//9fdmcDDzwwAP78iYlsBexRDSJT6pb9zJ8wJe8nXAMi6V8mWkJSGB5Aor/8gztoYEEuGEPcUZ8EP2iz5snufXwww9nO3lEipvuCPRHmNSOsn6/z2UUeJQtYZQxYwThx3bGJD5js9pU46i/SPjhg0+1MVRDJNBCAop//SdVC1dAAHFEUBD7NE2TU6dOLfRAHb6qx/P+P/zww+wzfPpk1z+vib1eb9Tk7t27o/giERYuCCk+LtK+ijb4H39MEmxgMeVxf6DhVQLrI6D4r4+tPVdIACFkV4k4I/jskBFJ8hY1C5H/6KOPkvPnzy/axagdIjdKFESuXr2aPbAHkSwoHsvCL/zE77HCmmUwJ+HphrFpMKEszjMuAQmsh4Divx6uq+/VHmcigPhxbIzYI4bLCn4YFBHmaD+kl72ykCjrA/vPnDmTIITcO8C47Ia5UfDgwYNlzRJ8x2+upZUqLghzEpuBT/iJv3G+cQlIYH0EFP/1sbXnDRFA7BAOhAXxm/emPcz84he/yKUwIMaIU2HhgpnYXNSURQFCH5eRhw38qM+NGzeyew3i8nwcDmX95+tuMs1HE5xQxGMePXo04TSFxVWcb1wCElgvAcV/vXxX3bv9RQQQEoQOwZ93h4/YP/bYY8mTTz6ZHa+XPWYX0c+LcWTCQlGEGbuLGk8bi4UANnFETryoD/ov+jy9qO6m8vA3bxP2s6DZlA2OIwEJfE5A8f+chbGGEED0EXwEhfgsZh84cCDhx3v4LJ2v4v3nP/9JaPuvf/0ru/Ev3wd381O31+vli5ZOswNethNOOlgoIKBFfc27GCrqY1V5RfMEVz7OKLN/VWPbjwQkUExA8S/mUu/cjlrHjhYhIRCfBcMTTzyRPQP/f//7X4LY81k67YizgOBKOg69Xi/hbv5QNy5bNo5oF40Z+r1y5UqITr1iJ6cAZQLKjw/NymnqYAtUYGzmKu8v9mL3Al3aRAISWBEBxX9FIO1mvQR+8pOfZD+OkxeSslGDwPzhD38Yq8LOG1EaK9jN4Dh9XcLEsTc78t1hSv/P6l/oAD/LdtA8oXAV30wIY81zRfjhnPcn2DtPX9aVgARWT0DxXz3TTfXY+nEQEHbKX/nKV5Jf/vKXM/vLjhhB5Bo3oj92+4hwnE8cUUL0GY/0OgJiWNTv8ePHR9nYWGTfqEJJBNu3trbGSq9du5bkBXis0ooz8IHFVX7c3u6JCvOy4uHsTgISWICA4r8ANJushwCigfgS0nTvGfaXLl1K/vnPf840IOKHCBLyDegT4WeMfBm7fUQJccqXrTvN2Dw0KB4Hn+P0LPHge/4xwffu3ct+p6DI71n6nbcOgl/EGbZF8zJv/9aXgARWQ0DxXw3H6npp+MiI0mAwSNgpIhoIH2EetxA+RLRMwOm7qE/aIUiMP894q6zL2AgjIfQLk7JTglCn6Io/586dGyuiPxiMFaw4YzgcZvOY7xbf4JzPNy0BCVRHQPGvjn1nR0aMBruCj9gTEGaEYxEgQfTpL9+ecRC9or4RpLLFQr6fVaSxJd8PYh3y8CPEuWIzgfg84Re/+EX21cV8G8ZfZEGR76csDWdCvpznEyj8eSqmJVA9AcW/+jlYhQW17gPhQZwRhzT9/DiffAxHBBG/n/70pyRnCkG86beowfb2dukNgoy1aUEKvhbZSh4M8Ik4gfqLijWCG/dFfwSYDIdDoisL9McCjmu+UxjzdcR8vmkJSKB6Aop/9XPQSgsQr8Hu7h7BRxzyu3vEDhFm902gLl+t47v4AOF7+aEO9RCRF198Mblw4UL2gzoIC+XUzQfGLBJO6tOOsfJt1p0uEsezZ8+OhsU2/Bxl7EZgWOTHbtHE//QFL675iov0l+8jpOkL1tgZ8rgyLpyLFiCUGyQggeoJKP7Vz8HqLKiwJwQAUUUQ0vTz3X0QPQQBMUDgeMhOEHzyg9knT55MqE8538sPdeiX3exzzz2XcKzd6/VCk31XbGChQR/7CnYTtKe/sra7VSr/j23wiQ1htw7TOG+W+NbWVoIA5+vCiD7z+fOk4Qvnon6awHkeX60rgbYSUPzbOrNr9iuICMKcpp+LfSwICBBihgghvFypvw7T6BdBwq58/+yCCfn8Tab5yl1+PMQ+n4d45vNhin/5utPSgX++Hqcw+bxZ0yxEinb72Mz8Vs15Vj+sJ4GuE1D82/cXsDaP2PEhQrz5I7QIQSwkiA3iheCze0fwqY8wrMsoxB57YjvCWNiDIGFTyKvqii35seGZz6MeAso1LuPJf7CM82aJ43ueP8yKxp7UHwsQ5pxrvh72wjk/Tr6eaQlIoD4EFP/6zEXtLEEkeLN//PHHkzRNs69xIbJBOBAoAmKP0BMQgkVEahHnsQNB4ppvH2yqiyCFexliO2EJ4ziPOEwRU+IhUI8FAPMR8ma50ld8b0Fow8ItxCddGfdrX/ta4bMCWFiwyOM6qQ/LJCCB+hFQ/Os3J6uxaIleEBjEAWHl+qc//WnUG2KCsCJOiD0BsSd/VGkDEcZkx180FLZRXlRWVR4CWcQIHxDYvF3UxY84n3osGJifOH9anAUQIa5HX7/5zW/irH1xymHI38Df//73fWX0xbyz0NtXYEICEmgMAcW/MVO1PkN5o0dQEPo0TbNdHukw4okTJ7K77Nnl8aaPKCAAoXyTV2xFMBHB/LjYhI1c82V1SBeJJf7ErGM78aNsAUC7uO6kOAsJFmz5Oq+99lo+K6Ff/g4Q/Tzjw4cPZzcRYhN9jjU2QwISaAwBxb8xU7WQoRMbcVyOkPNGzxt+LEK8uSMYiOk777yT3WU/sbMNFAZbsTs/HLYiSvn8OqURc+zM24TIlv0AD23yiwYEmgUQ13xfZWn6OXTo0L7i69evZ2JPP4Etfwvx3wEN+Fvga5bvv/9+Qj/kGSQggWYTUPybPX9zWc+bPG/svNGn6eef4YdOeJNHnBD8sMMPZVVesRuxQyTzdiBGdbI1b18+DXs45/NfffXVTIjz+aT5yKBsAUD5rOFb3/rWWFXEngBbOMcVsJNx4cvXLOMy4xKQQLMJKP7Nnr+ZrB8Oh9lRPm/y7PB5ow8NeYOvo+AH+waDQeGT+oLd7PaJh/pNuCKo+V04drPA2dnZIToWWAAwT3EBdb/85S9nc7u9vZ0Mh8O4eBSnjLl/4403RnmTIvCEK6LPuJPqWiYBCTSTgOLfzHmbajXCMNgVzjTd2+EjAKERb+4ICW/uBOqFsrpcsR/BihcqwTYEqa52BxsnXXu9XvLd7353rAo+4y/XscLdDOaJeduNjv5//PHHCXPLoo7FA8xIE6hPmrKyPkNH+b8JbAxlXiUggfYRUPxbNKe8wfOGn6afP3QnuLe1tZX94AuiSaAeb/ihvC7X4AOiRTy2C3vZkbJzjvObGEecn3zyyTHTySeMFdzP6Pf7SX833E+OXWCG2BMmLSTihi+//HJS57+J2FbjEpDAaggo/qvhWFkvvNkj5IglgTf8YMzW1lYm+AhmE97cEb28D/gS/MCH3u6umbw2hN/97ncJvuV9YQ6ZU+Y2X0Z9dv98AyNfNi1N2x/84Adj1Z566qmxPDMkIIF2E1D8Gzq/CAMCEcSSdHAFcWB3jFhSZ59ghko1umI7R9bsVmOzECt8CX7EZW2JszDDz7w/LADgAZt8GfX5Bka4MZM+4FQ0z9SlDIaEN998M99d4QJkrJIZEpBAqwgo/g2aToQAMUfwCQhEMD+8ySMI1On3+6GottfYn+FwOLIz+IJYDQaDUX4bI/ha9AQ+fIUJ88zCiDh5+UD73u5pCJxYBMCMhR+CTyBNGfW4co9A3McDDzwQJ41LQAIdIaD4N2CiY5FE8EljNm/o4Q0+vMmTP0OovApChLDhT2xM8IfyOL/NcXzF7zIfEX4WAA899FDCRyNl9cjnb6Lf7yf0SSCPQLs8a/IvXLjAxSABCXSMgOJf4wnnDRuBJMRv3LzBIxZB8EnX2I19piFkeX+ogD/h1IJ01wJCDYNJc3nv3r3sa33w4yOBwWCQvPTSS0n+Mb0sDuHMg4O+/vWvZ7/LQP08U8aij3y+aQlIoP0EFP+azTFv3Lwhp2mavdGTDiYiDgg+gTohf+HrBhviB7tXAvEwND51WfQDB67MKUf2iDLpsgC/7e3thAXh888/n/zoRz/KBP7IkSOjK5x5cNDNmzfLukkYq7TQAglIoNUEFP+aTC9v6Lz58wbOm3owCyGIBZJ0KGvCFb/YdeLXcDgcmRz7NMo0kvR6vexrdwgzz9KfBwmsZ60Pf8aatb71JCCBdhFQ/CucT96sB7tHt/xkKuKYF30EYAO7/LURwLdjx44l7FIZhIULouNOHxqTQ7/fT3iWPs/UL3oa4OTWk0vpm7mZXMtSCUigzQQU/w3OLmKPEPLGm6Zp9thaBD/+yVTEEcEn8Ca9QfNWNhR+hsUMd5cjXsEvfF/ZQB3oiGfq87U+FoK93VOBZVzm74lvBNDXMv3YVgISaD4BxX/Nc4gQInh8BosgcgSO4JfUnDYAAAjhSURBVMfDcrz77LPPJmFHzA45Lt9IfEWD4Ct+4jddIvoffPBBQj5pw/wE+HsIws2iEPEm/fTTTycsrCb1SPnJkydHHyUsu4CYNJZlEpBAcwgo/muYK4QPsQuCj9jHn3eHIXkD542c493XX389ZDfyis/4i684gGCxy4QDacNqCMA1/N389re/TVhYsSCANX9LLLYIpFlMUv7222/7IJ/V4LcXCbSGgOK/oqlE/BA6dr0ERLBI8Hnz5s2ZN2berHkjX5EJq+hmoT6C38Ff/EOQ3GUuhHPuRvxNwZq/JeaCQHrujmwgAQl0hoDiv8RUFwk+eUVd8gaN2COKvDkX1WlaHmIfFjrYjo/sONviHz4ZJCABCbSRgOK/wKwi8Hx2H4SPdFk3YReM6LMzK6tXq/wpxuAvAs8xP3GqBz/dcULDIAEJSKDeBBT/OeYHwUPwCdy1X9aUHTBiyNE+bUiX1W1aPn7jPx9rYDu+sbDBT9IGCUhAAhKoPwHFf8ocsbNF2NI0zZ6oRrqsCUKI6LdEDPe5id/s9DnxoCD2lTh5BglIQAISaAYBxb9knhA7RD/e5ZZUze6kbrPoI/hw4DN+GPDxRRsXOPhmkIAEJNAFAop/bpYR/SB24Wg7V2WUZMfbZtHPFj9HjiQc9eM0/iL63LhI2iABCUhAAs0koPjfnzdEn2NtdrhB7O4XjV0QwS6Iflj8xP4SHwNihgQkIAEJNIpA58Wfo+wg+sQnzR7Cx66X3S+74kl1m1bG4id/4oG/9xc5PqGvaROqvRKQgAQmEOis+LO7Z5eP8M8j+v1+fwLOZhUh+Cxi4ECACR4g+m1d5OCfQQISkEDXCXRO/BG7NE0TdrmI36Q/gFgE2yr6HO0HDr1eL+EhPZxsFPo7CZZlEpCABCTQGAKdEH/ELYg+Yjdtdtoq+uzsOelglx844Gs42kf4WQBM42O5BCQgAQk0m0CrxT+Ifix2k6YLIUQA27TzDQzSdO+0I3zEga9B9FkYkZ7EJiozKgEJSEACDSfQWvF/4YUXkllFn91uEH3iDZ/TzPwg+jEDBD4IPgscRD+r7IsEJCABCXSKQOvEn50tgnf58uWpE4nQI4IIP/GpDRpQgaN9/CcUHe0j+CwClnbFDiQgAQlIoLEEWiP+7HT5PJtAvGxGEL6w+0X0SZfVbUo+/iLqCH58IyMLGu/ab8osaqcEJCCBzRFohfiH3S67/jJ0iHwQfYSSdFndJuQHwUfsjx07NvrdAfwKfrK4WfNd+01ApY0SkIAEJJAj0GjxRwDZ6SOAOb9GyQcffDA5d+5cwvE+op80+B/+4gM7fALH+ix8Pv744+TQoUNJEH3qsAhosKuaLgEJSEACayTQWPFHCBHASbt9xPDf//538sorr6wR4fq63tnZSRB3xDxN09ENjOQzKgKPj+zwP/jgg4R65G88OKAEJCABCTSKQGPFnx1/GWkE8bPPPmukGCLsiDj+sbjhVIMdPr4i9v1+P9vh4184zej1ehQbJCABCUhAAjMRaKT4I46IZN5DhDEIYr6szml8wSfEnoDYhxMNBJ/FDLt7fOMGPurW0B9NkoAEJCCBhhBonPgjiohjzBeBRBwRRuJxWR3jiD1+IOJpOvk4H8Gnnrv7Os6kNklAAhJoJoFGiT+iyXF4HjXCX3dxxHZEHPvZ3XONFzHYzw6/8cf5+ckxLQEJSEACtSPQKPHn8+88QQSzbrt9hD7cqIfIp+nnu3t2/PiAzdjOaQWCzwKGxQFlBglIQAISkMA6CTRG/BHGIJwByPHjxxPyQ3qTVwSegE3YwMIkFnrS7Owpx66tra0k7O4R+nCcz30KSfv+6ZEEJCABCdSYQGPEH/HMc7x3716yvb09CsPhMItfv349X3Xu9M7OThL6GwwGCWKOuBPSdG8nHx/fb29vZ/XDQNjb7+/dmR/Enutgt69erxeqeZWABCQgAQlsnEBjxB/B5EE2MSEEGlEOAWEmfurUqew78YgzaYSZMBwOk+H9QHqwK8QE6tCW8MgjjyRpuifupCljB0/90DbYgMATer1e9vU7jvAReI7x2dmTpn/KQ5tOXXVWAhKQgARqSaAx4o/I8iCbq1evJsSn0WRhQEC0EXACYh4CaUSdQJ0g7Hfu3Bl1zTgIN5/Nh4CgxwKPyJNG5NnpU3/UgREJSEACEpBADQk0RvwDuzNnziSILSKM2MYBgeY+gKNHj2afryPeoV18JZ9AW9oQ6I+AmLNzJxBnLIQ9BNoo8DHNqXErSEACEpBAzQg0TvzhF4QbsY4DAn3jxo3kb3/7W7ZAQLyDiHMNgXwCbWlDQNQJ9M0YBglIQAISkEBbCTRS/OedDAV9XmJrqG+XEpCABCRQGwKdEP/a0NYQCUhAAhKQQA0IKP41mIQOmaCrEpCABCRQAwKKfw0mQRMkIAEJSEACmySg+G+StmPtEfBVAhKQgAQqJaD4V4rfwSUgAQlIQAKbJ6D4b565I+4R8FUCEpCABCoioPhXBN5hJSABCUhAAlURUPyrIu+4ewR8lYAEJCCBjRNQ/DeO3AElIAEJSEAC1RJQ/Kvl7+h7BHyVgAQkIIENElD8NwjboSQgAQlIQAJ1IKD412EWtGGPgK8SkIAEJLARAor/RjA7iAQkIAEJSKA+BBT/+syFluwR8FUCEpCABNZMQPFfM2C7l4AEJCABCdSNgOJftxnRnj0CvkpAAhKQwNoIKP5rQ2vHEpCABCQggXoSUPzrOS9atUfAVwlIQAISWAMBxX8NUO1SAhKQgAQkUGcCin+dZ0fb9gj4KgEJSEACKyWg+K8Up51JQAISkIAE6k9A8a//HGnhHgFfJSABCUhgRQQU/xWBtBsJSEACEpBAUwgo/k2ZKe3cI+CrBCQgAQksTUDxXxqhHUhAAhKQgASaRUDxb9Z8ae0eAV8lIAEJSGAJAor/EvBsKgEJSEACEmgiAcW/ibOmzXsEfJWABCQggYUIKP4LYbORBCQgAQlIoLkEFP/mzp2W7xHwVQISkIAE5iSg+M8JzOoSkIAEJCCBphP4PwAAAP//2P1LYwAAAAZJREFUAwCid+grOqVEkQAAAABJRU5ErkJggg==', 0),
(8, 'UNK-2026-8550', 'None (Stray Animal)', 'N/A', 2, 'secret', 7, 'secret', 'M', 'yellow', '2002-09-29', '2026-04-08 00:16:09', '', NULL, 0, 0, 1, 0, 'biting (Synced Offline)', '', 0);

-- --------------------------------------------------------

--
-- Table structure for table `barangay_tbl`
--

CREATE TABLE `barangay_tbl` (
  `barangay_id` bigint(20) UNSIGNED NOT NULL,
  `barangay_name` varchar(100) NOT NULL,
  `barangay_code` char(3) NOT NULL,
  `created_at` timestamp NOT NULL DEFAULT current_timestamp()
) ENGINE=InnoDB DEFAULT CHARSET=utf8mb4 COLLATE=utf8mb4_general_ci;

--
-- Dumping data for table `barangay_tbl`
--

INSERT INTO `barangay_tbl` (`barangay_id`, `barangay_name`, `barangay_code`, `created_at`) VALUES
(38, 'Anapog-Sibucao', 'ANA', '2026-04-07 23:47:42'),
(39, 'Argao', 'ARG', '2026-04-07 23:47:42'),
(40, 'Balanacan', 'BAL', '2026-04-07 23:47:42'),
(41, 'Banto', 'BAN', '2026-04-07 23:47:42'),
(42, 'Bintakay', 'BIN', '2026-04-07 23:47:42'),
(43, 'Bocboc', 'BOC', '2026-04-07 23:47:42'),
(44, 'Butansapa', 'BUT', '2026-04-07 23:47:42'),
(45, 'Candahon', 'CAN', '2026-04-07 23:47:42'),
(46, 'Capayang', 'CAP', '2026-04-07 23:47:42'),
(47, 'Danao', 'DAN', '2026-04-07 23:47:42'),
(48, 'Dulong Bayan (Pob.)', 'DUL', '2026-04-07 23:47:42'),
(49, 'Gitnang Bayan (Pob.)', 'GIT', '2026-04-07 23:47:42'),
(50, 'Guisian', 'GUI', '2026-04-07 23:47:42'),
(51, 'Hinadharan', 'HIN', '2026-04-07 23:47:42'),
(52, 'Hinanggayon', 'HNG', '2026-04-07 23:47:42'),
(53, 'Ino', 'INO', '2026-04-07 23:47:42'),
(54, 'Janagdong', 'JAN', '2026-04-07 23:47:42'),
(55, 'Lamesa', 'LAM', '2026-04-07 23:47:42'),
(56, 'Laon', 'LAO', '2026-04-07 23:47:42'),
(57, 'Magapua', 'MGP', '2026-04-07 23:47:42'),
(58, 'Malayak', 'MLY', '2026-04-07 23:47:42'),
(59, 'Malusak', 'MLS', '2026-04-07 23:47:42'),
(60, 'Mampaitan', 'MMP', '2026-04-07 23:47:42'),
(61, 'Mangyan-Mababad', 'MNG', '2026-04-07 23:47:42'),
(62, 'Market Site (Pob.)', 'MKT', '2026-04-07 23:47:42'),
(63, 'Mataas Na Bayan (Pob.)', 'MAT', '2026-04-07 23:47:42'),
(64, 'Mendez', 'MEN', '2026-04-07 23:47:42'),
(65, 'Nangka I', 'NG1', '2026-04-07 23:47:42'),
(66, 'Nangka II', 'NG2', '2026-04-07 23:47:42'),
(67, 'Paye', 'PAY', '2026-04-07 23:47:42'),
(68, 'Pili', 'PIL', '2026-04-07 23:47:42'),
(69, 'Puting Buhangin', 'PUT', '2026-04-07 23:47:42'),
(70, 'Sayao', 'SAY', '2026-04-07 23:47:42'),
(71, 'Silangan', 'SIL', '2026-04-07 23:47:42'),
(72, 'Sumangga', 'SUM', '2026-04-07 23:47:42'),
(73, 'Tarug', 'TAR', '2026-04-07 23:47:42'),
(74, 'Villa Mendez (Pob.)', 'VIL', '2026-04-07 23:47:42');

-- --------------------------------------------------------

--
-- Table structure for table `login_attempts`
--

CREATE TABLE `login_attempts` (
  `attempts_id` int(11) NOT NULL,
  `ip_address` varchar(255) NOT NULL,
  `last_attempt` varchar(255) NOT NULL
) ENGINE=InnoDB DEFAULT CHARSET=utf8mb4 COLLATE=utf8mb4_general_ci;

-- --------------------------------------------------------

--
-- Table structure for table `species_tbl`
--

CREATE TABLE `species_tbl` (
  `species_id` bigint(20) UNSIGNED NOT NULL,
  `species_name` varchar(100) NOT NULL,
  `description` text DEFAULT NULL,
  `created_at` timestamp NOT NULL DEFAULT current_timestamp()
) ENGINE=InnoDB DEFAULT CHARSET=utf8mb4 COLLATE=utf8mb4_general_ci;

--
-- Dumping data for table `species_tbl`
--

INSERT INTO `species_tbl` (`species_id`, `species_name`, `description`, `created_at`) VALUES
(2, 'Cat', 'Domesticated feline pets. Requires Anti-Rabies.', '2026-03-29 00:26:37'),
(7, 'Dog', 'SAMPLE DOG DESCRIPTION', '2026-03-29 03:33:29');

-- --------------------------------------------------------

--
-- Table structure for table `userlogs_tbl`
--

CREATE TABLE `userlogs_tbl` (
  `log_id` int(11) NOT NULL,
  `userid` int(2) DEFAULT NULL,
  `username` varchar(50) DEFAULT NULL,
  `action_made` varchar(255) DEFAULT NULL,
  `status` varchar(50) DEFAULT 'Success',
  `login_time` timestamp NULL DEFAULT current_timestamp(),
  `ip_address` varchar(45) DEFAULT NULL
) ENGINE=InnoDB DEFAULT CHARSET=utf8mb4 COLLATE=utf8mb4_general_ci;

--
-- Dumping data for table `userlogs_tbl`
--

INSERT INTO `userlogs_tbl` (`log_id`, `userid`, `username`, `action_made`, `status`, `login_time`, `ip_address`) VALUES
(1, 1, 'John Michael Secret', 'Successfully logged out of the system.', 'Success', '2026-04-07 22:49:41', '::1'),
(3, 1, 'John Michael Secret', 'Successfully logged out of the system.', 'Success', '2026-04-07 22:51:19', '::1'),
(4, 1, 'admin', 'Successfully logged into the system.', 'Success', '2026-04-07 22:51:22', '::1'),
(5, 1, 'John Michael Secret', 'Reactivated User ID: 52', 'Success', '2026-04-07 22:54:40', '::1'),
(6, 1, 'John Michael Secret', 'Successfully logged out of the system.', 'Success', '2026-04-07 22:57:36', '::1'),
(7, 1, 'Field Vaccinator', 'Successfully synced 1 offline records to database.', 'Success', '2026-04-07 23:00:18', '::1'),
(8, 1, 'admin', 'Successfully logged into the system.', 'Success', '2026-04-07 23:00:28', '::1'),
(9, 1, 'John Michael Secret', 'Admin forcibly reset the password of ALFRED FLORES (User ID: 52)', 'Warning', '2026-04-07 23:00:58', '::1'),
(10, 1, 'John Michael Secret', 'Registered new animal (Owned): Secret (ID: BNT-2026-8383)', 'Success', '2026-04-07 23:06:18', '::1'),
(11, 1, 'John Michael Secret', 'Registered new animal (Stray): Secret (ID: BNT-2026-7542)', 'Success', '2026-04-07 23:08:08', '::1'),
(12, 1, 'John Michael Secret', 'Recorded an unsuccessful vaccination attempt (Reason: biting) for Animal ID: 1', 'Success', '2026-04-07 23:18:22', '::1'),
(13, 1, 'John Michael Secret', 'Recorded a successful vaccination for Animal ID: 1', 'Success', '2026-04-07 23:18:50', '::1'),
(14, 1, 'John Michael Secret', 'Registered new animal (Owned): Sample (ID: BNT-2026-5702)', 'Success', '2026-04-07 23:29:32', '::1'),
(15, 1, 'John Michael Secret', 'Registered new animal (Stray): Bantray (ID: CPY-2026-9834)', 'Success', '2026-04-07 23:30:08', '::1'),
(16, 1, 'John Michael Secret', 'Recorded an unsuccessful vaccination attempt (Reason: biting) for Animal ID: 4', 'Success', '2026-04-07 23:30:42', '::1'),
(17, 1, 'John Michael Secret', 'Recorded a successful vaccination for Animal ID: 4', 'Success', '2026-04-07 23:30:59', '::1'),
(18, 1, 'John Michael Secret', 'Recorded a successful vaccination for Animal ID: 5', 'Success', '2026-04-07 23:41:47', '::1'),
(19, 1, 'John Michael Secret', 'Recorded a successful vaccination for Animal ID: 5', 'Success', '2026-04-07 23:42:19', '::1'),
(20, 1, 'John Michael Secret', 'Registered new animal (Owned): BANRAT (ID: ANA-2026-3843)', 'Success', '2026-04-07 23:49:17', '::1'),
(21, 1, 'John Michael Secret', 'Recorded a successful vaccination for Animal ID: 6', 'Success', '2026-04-07 23:49:50', '::1'),
(22, 1, 'John Michael Secret', 'Recorded an unsuccessful vaccination attempt (Reason: BITING) for Animal ID: 6', 'Success', '2026-04-07 23:50:02', '::1'),
(23, 1, 'John Michael Secret', 'Successfully logged out of the system.', 'Success', '2026-04-07 23:52:18', '::1'),
(24, 1, 'admin', 'Successfully logged into the system.', 'Success', '2026-04-07 23:52:28', '::1'),
(25, 1, 'John Michael Secret', 'Recorded an unsuccessful vaccination attempt (Reason: NOT OK) for Animal ID: 6', 'Success', '2026-04-07 23:58:45', '::1'),
(26, 1, 'John Michael Secret', 'Successfully logged out of the system.', 'Success', '2026-04-07 23:59:49', '::1'),
(27, 1, 'admin', 'Successfully logged into the system.', 'Success', '2026-04-08 00:00:03', '::1'),
(28, 1, 'John Michael Secret', 'Registered new animal (Owned): Secret (ID: ANA-2026-1086)', 'Success', '2026-04-08 00:07:12', '::1'),
(29, 1, 'John Michael Secret', 'Successfully logged out of the system.', 'Success', '2026-04-08 00:10:38', '::1'),
(30, 1, 'Field Vaccinator', 'Successfully synced 1 offline records to database.', 'Success', '2026-04-08 00:16:09', '::1'),
(31, 1, 'admin', 'Successfully logged into the system.', 'Success', '2026-04-08 00:16:27', '::1'),
(32, 1, 'John Michael Secret', 'Admin forcibly reset the password of ALFRED FLORES (User ID: 52)', 'Warning', '2026-04-08 00:18:35', '::1'),
(33, 1, 'John Michael Secret', 'Successfully logged out of the system.', 'Success', '2026-04-08 00:18:48', '::1'),
(34, 52, 'alfred', 'Successfully logged into the system.', 'Success', '2026-04-08 00:18:53', '::1'),
(35, 52, 'ALFRED FLORES', 'Successfully logged out of the system.', 'Success', '2026-04-08 00:19:50', '::1'),
(36, 1, 'admin', 'Successfully logged into the system.', 'Success', '2026-04-08 00:19:53', '::1');

-- --------------------------------------------------------

--
-- Table structure for table `user_tbl`
--

CREATE TABLE `user_tbl` (
  `userid` int(11) NOT NULL,
  `fullname` varchar(30) DEFAULT NULL,
  `email` varchar(255) NOT NULL,
  `username` varchar(20) DEFAULT NULL,
  `password` varchar(300) DEFAULT NULL,
  `usertype` int(1) DEFAULT NULL,
  `useractive` int(1) DEFAULT 1,
  `dateCreated` timestamp NULL DEFAULT current_timestamp(),
  `dateUpdated` timestamp NULL DEFAULT current_timestamp() ON UPDATE current_timestamp(),
  `contact_number` varchar(20) NOT NULL,
  `role` varchar(255) NOT NULL,
  `code` varchar(200) NOT NULL
) ENGINE=InnoDB DEFAULT CHARSET=utf8mb4 COLLATE=utf8mb4_general_ci;

--
-- Dumping data for table `user_tbl`
--

INSERT INTO `user_tbl` (`userid`, `fullname`, `email`, `username`, `password`, `usertype`, `useractive`, `dateCreated`, `dateUpdated`, `contact_number`, `role`, `code`) VALUES
(1, 'John Michael Secret', 'johnmichael@gmail.com', 'admin', '$2y$10$y5xfLoB6AqxA2bzVOwrr7uVnPAcc.tyh.xb7u2twyeCCTJlaogAnG', 1, 1, '2024-02-28 01:18:05', '2026-03-29 02:28:40', '09215813119', 'Administrator', ''),
(52, 'ALFRED FLORES', '', 'alfred', '$2y$10$kSg1T4VGY11sXy9NpWPr.OxQJZ3wpjT2afpOOU9XSLqrTbBoVThEG', NULL, 1, '2026-04-04 21:48:38', '2026-04-08 00:18:35', '09318543347', 'Field Vaccinator', '');

-- --------------------------------------------------------

--
-- Table structure for table `vaccination_tbl`
--

CREATE TABLE `vaccination_tbl` (
  `log_id` bigint(20) UNSIGNED NOT NULL,
  `animal_id` int(11) NOT NULL,
  `status` varchar(50) DEFAULT 'Vaccinated',
  `vaccine_id` int(11) DEFAULT NULL,
  `vaccination_date` date NOT NULL,
  `next_due_date` date DEFAULT NULL,
  `vaccinator_id` int(11) NOT NULL,
  `remarks` text DEFAULT NULL,
  `official_name` varchar(100) DEFAULT NULL,
  `official_designation` varchar(100) DEFAULT NULL,
  `created_at` timestamp NOT NULL DEFAULT current_timestamp()
) ENGINE=InnoDB DEFAULT CHARSET=utf8mb4 COLLATE=utf8mb4_general_ci;

--
-- Dumping data for table `vaccination_tbl`
--

INSERT INTO `vaccination_tbl` (`log_id`, `animal_id`, `status`, `vaccine_id`, `vaccination_date`, `next_due_date`, `vaccinator_id`, `remarks`, `official_name`, `official_designation`, `created_at`) VALUES
(1, 6, 'Vaccinated', 1, '2026-04-08', '2026-04-30', 1, 'SECRET NOTES', 'TINA AGUIRRE', 'KAPITAN', '2026-04-07 23:49:50'),
(2, 6, 'Not Vaccinated', NULL, '2026-04-08', NULL, 1, 'BITING', 'TINA AGUIRRE', 'KAPITAN', '2026-04-07 23:50:02'),
(3, 6, 'Not Vaccinated', NULL, '2026-04-08', NULL, 1, 'NOT OK', 'Alfred Glores', 'Secret', '2026-04-07 23:58:45'),
(4, 8, 'Vaccinated', 0, '2026-04-08', NULL, 1, 'OFFLINE SYNC', 'TINA AGUIRRE', 'kagawad', '2026-04-08 00:16:09');

-- --------------------------------------------------------

--
-- Table structure for table `vaccine_tbl`
--

CREATE TABLE `vaccine_tbl` (
  `vaccine_id` int(11) NOT NULL,
  `vaccine_name` varchar(150) NOT NULL,
  `target_species` varchar(100) NOT NULL,
  `description` text DEFAULT NULL,
  `created_at` timestamp NOT NULL DEFAULT current_timestamp()
) ENGINE=InnoDB DEFAULT CHARSET=utf8mb4 COLLATE=utf8mb4_general_ci;

--
-- Dumping data for table `vaccine_tbl`
--

INSERT INTO `vaccine_tbl` (`vaccine_id`, `vaccine_name`, `target_species`, `description`, `created_at`) VALUES
(1, 'RABISIN (Anti-Rabies Vaccine)', 'Cat, Dog', 'Annual mandatory vaccination against Rabies virus.', '2026-03-29 00:41:38');

--
-- Indexes for dumped tables
--

--
-- Indexes for table `animal_tbl`
--
ALTER TABLE `animal_tbl`
  ADD PRIMARY KEY (`record_id`),
  ADD UNIQUE KEY `animal_id_tag` (`animal_id_tag`);

--
-- Indexes for table `barangay_tbl`
--
ALTER TABLE `barangay_tbl`
  ADD PRIMARY KEY (`barangay_id`),
  ADD UNIQUE KEY `barangay_name` (`barangay_name`),
  ADD UNIQUE KEY `barangay_code` (`barangay_code`);

--
-- Indexes for table `login_attempts`
--
ALTER TABLE `login_attempts`
  ADD PRIMARY KEY (`attempts_id`);

--
-- Indexes for table `species_tbl`
--
ALTER TABLE `species_tbl`
  ADD PRIMARY KEY (`species_id`),
  ADD UNIQUE KEY `species_name` (`species_name`);

--
-- Indexes for table `userlogs_tbl`
--
ALTER TABLE `userlogs_tbl`
  ADD PRIMARY KEY (`log_id`);

--
-- Indexes for table `user_tbl`
--
ALTER TABLE `user_tbl`
  ADD PRIMARY KEY (`userid`);

--
-- Indexes for table `vaccination_tbl`
--
ALTER TABLE `vaccination_tbl`
  ADD PRIMARY KEY (`log_id`);

--
-- Indexes for table `vaccine_tbl`
--
ALTER TABLE `vaccine_tbl`
  ADD PRIMARY KEY (`vaccine_id`),
  ADD UNIQUE KEY `vaccine_name` (`vaccine_name`);

--
-- AUTO_INCREMENT for dumped tables
--

--
-- AUTO_INCREMENT for table `animal_tbl`
--
ALTER TABLE `animal_tbl`
  MODIFY `record_id` bigint(20) UNSIGNED NOT NULL AUTO_INCREMENT, AUTO_INCREMENT=9;

--
-- AUTO_INCREMENT for table `barangay_tbl`
--
ALTER TABLE `barangay_tbl`
  MODIFY `barangay_id` bigint(20) UNSIGNED NOT NULL AUTO_INCREMENT, AUTO_INCREMENT=75;

--
-- AUTO_INCREMENT for table `login_attempts`
--
ALTER TABLE `login_attempts`
  MODIFY `attempts_id` int(11) NOT NULL AUTO_INCREMENT, AUTO_INCREMENT=44;

--
-- AUTO_INCREMENT for table `species_tbl`
--
ALTER TABLE `species_tbl`
  MODIFY `species_id` bigint(20) UNSIGNED NOT NULL AUTO_INCREMENT, AUTO_INCREMENT=8;

--
-- AUTO_INCREMENT for table `userlogs_tbl`
--
ALTER TABLE `userlogs_tbl`
  MODIFY `log_id` int(11) NOT NULL AUTO_INCREMENT, AUTO_INCREMENT=37;

--
-- AUTO_INCREMENT for table `user_tbl`
--
ALTER TABLE `user_tbl`
  MODIFY `userid` int(11) NOT NULL AUTO_INCREMENT, AUTO_INCREMENT=53;

--
-- AUTO_INCREMENT for table `vaccination_tbl`
--
ALTER TABLE `vaccination_tbl`
  MODIFY `log_id` bigint(20) UNSIGNED NOT NULL AUTO_INCREMENT, AUTO_INCREMENT=5;

--
-- AUTO_INCREMENT for table `vaccine_tbl`
--
ALTER TABLE `vaccine_tbl`
  MODIFY `vaccine_id` int(11) NOT NULL AUTO_INCREMENT, AUTO_INCREMENT=8;
COMMIT;

/*!40101 SET CHARACTER_SET_CLIENT=@OLD_CHARACTER_SET_CLIENT */;
/*!40101 SET CHARACTER_SET_RESULTS=@OLD_CHARACTER_SET_RESULTS */;
/*!40101 SET COLLATION_CONNECTION=@OLD_COLLATION_CONNECTION */;
